Date,Open,High,Low,Close,Volume,Change,5Days,10Days,20Days,60Days,120Days,종목코드,회사명
2017-01-02,8280,8350,8220,8320,16392,-0.005973716,8288,8431,8443,8350.166667,8348.416667,94850,참좋은여행
2017-01-03,8300,8330,8200,8290,22740,-0.003605769,8292,8396,8440,8343.833333,8347.666667,94850,참좋은여행
2017-01-04,8240,8300,8220,8260,12096,-0.003618818,8302,8357,8433,8339.666667,8347,94850,참좋은여행
2017-01-05,8260,8330,8220,8300,18981,0.004842615,8308,8330,8428.5,8336.833333,8347.25,94850,참좋은여행
2017-01-06,8300,8330,8240,8330,22597,0.003614458,8300,8312,8424.5,8336.833333,8347.583333,94850,참좋은여행
2017-01-09,8330,8380,8280,8300,9787,-0.003601441,8296,8292,8417.5,8334.166667,8348.083333,94850,참좋은여행
2017-01-10,8310,8340,8260,8320,20086,0.002409639,8302,8297,8411.5,8332.166667,8349.833333,94850,참좋은여행
2017-01-11,8330,8410,8270,8380,28478,0.007211538,8326,8314,8409,8333.833333,8351.833333,94850,참좋은여행
2017-01-12,8360,8390,8300,8370,10607,-0.001193317,8340,8324,8404,8333.666667,8353.75,94850,참좋은여행
2017-01-13,8330,8370,8290,8350,10466,-0.002389486,8344,8322,8392,8335.333333,8355.5,94850,참좋은여행
2017-01-16,8320,8370,8250,8330,21856,-0.00239521,8350,8323,8377,8335.333333,8357.25,94850,참좋은여행
2017-01-17,8260,8400,8260,8390,32080,0.007202881,8364,8333,8364.5,8336.166667,8359.75,94850,참좋은여행
2017-01-18,8320,8430,8320,8420,19827,0.003575685,8372,8349,8353,8338.833333,8363.333333,94850,참좋은여행
2017-01-19,8390,8450,8320,8420,31743,0,8382,8361,8345.5,8343.166667,8366.833333,94850,참좋은여행
2017-01-20,8420,8420,8280,8400,33494,-0.002375297,8392,8368,8340,8343.333333,8370.416667,94850,참좋은여행
2017-01-23,8400,8410,8330,8390,8751,-0.001190476,8404,8377,8334.5,8342.666667,8374.583333,94850,참좋은여행
2017-01-24,8330,8560,8330,8540,77958,0.017878427,8434,8399,8348,8346.666667,8378.25,94850,참좋은여행
2017-01-25,8500,8640,8450,8540,64962,0,8458,8415,8364.5,8350.666667,8382.75,94850,참좋은여행
2017-01-26,8520,8720,8360,8700,95118,0.018735363,8514,8448,8386,8359,8389.333333,94850,참좋은여행
2017-01-31,8730,8770,8650,8740,63272,0.004597701,8582,8487,8404.5,8362.333333,8397,94850,참좋은여행
2017-02-01,8730,8780,8650,8750,33485,0.001144165,8654,8529,8426,8366.833333,8406,94850,참좋은여행
2017-02-02,8750,8820,8660,8790,86931,0.004571429,8704,8569,8451,8373.333333,8415.166667,94850,참좋은여행
2017-02-03,8790,8790,8690,8770,20790,-0.002275313,8750,8604,8476.5,8382.666667,8420.083333,94850,참좋은여행
2017-02-06,8770,8830,8700,8820,29565,0.005701254,8774,8644,8502.5,8396.333333,8424.583333,94850,참좋은여행
2017-02-07,8820,8960,8810,8950,102828,0.014739229,8816,8699,8533.5,8409,8430.166667,94850,참좋은여행
2017-02-08,8950,8960,8830,8930,58358,-0.002234637,8852,8753,8565,8421,8434.583333,94850,참좋은여행
2017-02-09,8930,8930,8710,8810,72787,-0.01343785,8856,8780,8589.5,8429.666667,8438,94850,참좋은여행
2017-02-10,8790,8900,8620,8670,87959,-0.015891033,8836,8793,8604,8437,8441.083333,94850,참좋은여행
2017-02-13,8670,8690,8580,8590,79772,-0.00922722,8790,8782,8615,8441.5,8442.25,94850,참좋은여행
2017-02-14,8590,8590,8470,8470,57794,-0.013969732,8694,8755,8621,8443.166667,8439,94850,참좋은여행
2017-02-15,8530,8700,8490,8650,56794,0.021251476,8638,8745,8637,8448.333333,8437,94850,참좋은여행
2017-02-16,8650,8690,8530,8610,44950,-0.004624277,8598,8727,8648,8454,8434.5,94850,참좋은여행
2017-02-17,8590,8730,8530,8700,32329,0.010452962,8604,8720,8662,8461,8432.75,94850,참좋은여행
2017-02-20,8670,8910,8630,8880,86155,0.020689655,8662,8726,8685,8472.666667,8433,94850,참좋은여행
2017-02-21,8880,9230,8860,9180,182002,0.033783784,8804,8749,8724,8492,8435.166667,94850,참좋은여행
2017-02-22,9160,9400,9020,9380,138317,0.021786492,8950,8794,8773.5,8515.5,8440.833333,94850,참좋은여행
2017-02-23,9350,9520,9300,9440,85687,0.006396588,9116,8857,8818.5,8539.833333,8447.083333,94850,참좋은여행
2017-02-24,9490,9500,9310,9340,64930,-0.01059322,9244,8924,8858.5,8559.333333,8454.25,94850,참좋은여행
2017-02-27,9640,10600,9510,10250,1296986,0.097430407,9518,9090,8936,8592.833333,8469.416667,94850,참좋은여행
2017-02-28,10350,10450,10000,10200,358374,-0.004878049,9722,9263,9009,8621.333333,8484,94850,참좋은여행
2017-03-02,10350,10800,10200,10200,387430,0,9886,9418,9081.5,8650.166667,8498.416667,94850,참좋은여행
2017-03-03,10000,10250,9950,10000,172808,-0.019607843,9998,9557,9142,8677.666667,8511.333333,94850,참좋은여행
2017-03-06,10100,10600,10000,10500,241042,0.05,10230,9737,9228.5,8712.666667,8529.166667,94850,참좋은여행
2017-03-07,10500,10700,10400,10600,96920,0.00952381,10300,9909,9317.5,8749.5,8549.166667,94850,참좋은여행
2017-03-08,10500,10600,10300,10300,56552,-0.028301887,10320,10021,9385,8781,8568,94850,참좋은여행
2017-03-09,10300,10450,10250,10350,58400,0.004854369,10350,10118,9456,8812.833333,8587.416667,94850,참좋은여행
2017-03-10,10300,10450,10100,10300,38333,-0.004830918,10410,10204,9530.5,8843.833333,8603.916667,94850,참좋은여행
2017-03-13,10250,10350,10050,10200,63748,-0.009708738,10350,10290,9607,8873.333333,8619.333333,94850,참좋은여행
2017-03-14,10150,10250,9840,9940,103756,-0.025490196,10218,10259,9674.5,8897.833333,8633.166667,94850,참좋은여행
2017-03-15,9890,9900,9660,9660,114487,-0.028169014,10090,10205,9734,8915.666667,8644.333333,94850,참좋은여행
2017-03-16,9750,9810,9530,9730,74241,0.007246377,9966,10158,9788,8934,8656.083333,94850,참좋은여행
2017-03-17,9700,9960,9570,9960,135536,0.023638232,9898,10154,9855.5,8956,8669.416667,94850,참좋은여행
2017-03-20,10050,10050,9720,9760,80471,-0.020080321,9810,10080,9908.5,8974.5,8680.5,94850,참좋은여행
2017-03-21,9750,10450,9710,10250,273704,0.050204918,9872,10045,9977,9002.5,8695.5,94850,참좋은여행
2017-03-22,10200,10300,10000,10150,103913,-0.009756098,9970,10030,10025.5,9029.833333,8708.083333,94850,참좋은여행
2017-03-23,10050,10150,9810,9890,84938,-0.025615764,10002,9984,10051,9053,8718.5,94850,참좋은여행
2017-03-24,9900,10300,9850,10250,112278,0.036400404,10060,9979,10091.5,9086,8732.166667,94850,참좋은여행
2017-03-27,10300,10500,10000,10400,80526,0.014634146,10188,9999,10144.5,9122.5,8746.583333,94850,참좋은여행
2017-03-28,10300,11200,10300,11200,608574,0.076923077,10378,10125,10192,9171.333333,8767.333333,94850,참좋은여행
2017-03-29,11150,11450,11100,11250,168994,0.004464286,10598,10284,10244.5,9219.333333,8787.916667,94850,참좋은여행
2017-03-30,11250,11500,11050,11250,137604,0,10870,10436,10297,9268.166667,8809.166667,94850,참좋은여행
2017-03-31,11200,11800,11050,11300,268077,0.004444444,11080,10570,10362,9318.333333,8831.083333,94850,참좋은여행
2017-04-03,11450,11650,11250,11250,148105,-0.004424779,11250,10719,10399.5,9368.166667,8853.916667,94850,참좋은여행
2017-04-04,11200,11550,11050,11100,213377,-0.013333333,11230,10804,10424.5,9414.833333,8875.833333,94850,참좋은여행
2017-04-05,11000,11550,11000,11450,195157,0.031531532,11270,10934,10482,9466.833333,8901.833333,94850,참좋은여행
2017-04-06,11450,11800,11150,11450,216697,0,11310,11090,10537,9519.333333,8926.75,94850,참좋은여행
2017-04-07,11400,11950,11250,11850,266326,0.034934498,11420,11250,10614.5,9578.166667,8955.166667,94850,참좋은여행
2017-04-10,11850,11900,11450,11800,246007,-0.004219409,11530,11390,10694.5,9635.166667,8984.5,94850,참좋은여행
2017-04-11,11850,11900,11500,11550,146555,-0.021186441,11620,11425,10775,9688.166667,9010.916667,94850,참좋은여행
2017-04-12,11500,11750,11500,11650,117868,0.008658009,11660,11465,10874.5,9743.166667,9039.25,94850,참좋은여행
2017-04-13,11750,11800,11400,11450,71777,-0.017167382,11660,11485,10960.5,9795.166667,9065.25,94850,참좋은여행
2017-04-14,11500,11800,11200,11550,133070,0.008733624,11600,11510,11040,9847.833333,9092,94850,참좋은여행
2017-04-17,11550,11950,11450,11900,122348,0.03030303,11620,11575,11147,9905.833333,9122.333333,94850,참좋은여행
2017-04-18,12000,12000,11650,11800,88952,-0.008403361,11670,11645,11224.5,9962.166667,9152.666667,94850,참좋은여행
2017-04-19,11750,11800,11450,11600,67076,-0.016949153,11660,11660,11297,10015.5,9179.416667,94850,참좋은여행
2017-04-20,11650,11800,11300,11550,87216,-0.004310345,11680,11670,11380,10068.16667,9205.416667,94850,참좋은여행
2017-04-21,11600,11800,11550,11650,71502,0.008658009,11700,11650,11450,10120,9233.333333,94850,참좋은여행
2017-04-24,11650,11800,11450,11550,80314,-0.008583691,11630,11625,11507.5,10170.16667,9260.416667,94850,참좋은여행
2017-04-25,11550,11700,11150,11300,128178,-0.021645022,11530,11600,11512.5,10213.5,9286.25,94850,참좋은여행
2017-04-26,11250,11400,10950,11250,183526,-0.004424779,11460,11560,11512.5,10255.33333,9308.833333,94850,참좋은여행
2017-04-27,11300,11350,11000,11200,65637,-0.004444444,11390,11535,11510,10296.16667,9331.5,94850,참좋은여행
2017-04-28,11250,11300,11050,11150,43072,-0.004464286,11290,11495,11502.5,10335.5,9354.416667,94850,참좋은여행
2017-05-02,11150,11300,11050,11100,47549,-0.004484305,11200,11415,11495,10374.33333,9378.5,94850,참좋은여행
2017-05-04,11150,11500,11050,11450,104584,0.031531532,11230,11380,11512.5,10418.16667,9407.25,94850,참좋은여행
2017-05-08,11450,11500,11050,11100,101904,-0.030567686,11200,11330,11495,10454,9431.5,94850,참좋은여행
2017-05-10,11200,11650,11100,11500,164231,0.036036036,11260,11325,11497.5,10496.83333,9458.916667,94850,참좋은여행
2017-05-11,11500,11850,11350,11800,92972,0.026086957,11390,11340,11495,10546.66667,9488.166667,94850,참좋은여행
2017-05-12,10700,11050,9940,11000,1321281,-0.06779661,11370,11285,11455,10585.5,9511.25,94850,참좋은여행
2017-05-15,10950,11050,10600,10750,246777,-0.022727273,11230,11230,11415,10621.5,9531.5,94850,참좋은여행
2017-05-16,10800,10800,9990,10100,411268,-0.060465116,11030,11115,11337.5,10648.66667,9545.916667,94850,참좋은여행
2017-05-17,10100,10100,9770,9870,265511,-0.022772277,10704,10982,11258.5,10669,9558.666667,94850,참좋은여행
2017-05-18,9750,10000,9740,9900,82347,0.003039514,10324,10857,11176,10690.5,9572.25,94850,참좋은여행
2017-05-19,9900,10250,9900,10100,117078,0.02020202,10144,10757,11086,10713.83333,9587.416667,94850,참좋은여행
2017-05-22,10100,10150,9770,10050,165070,-0.004950495,10004,10617,10998.5,10733.33333,9603,94850,참좋은여행
2017-05-23,10050,10200,9910,10150,125086,0.009950249,10014,10522,10926,10749.5,9620.75,94850,참좋은여행
2017-05-24,10150,10150,9990,10050,77872,-0.009852217,10050,10377,10851,10760.66667,9638.083333,94850,참좋은여행
2017-05-25,10050,10050,9780,9840,158689,-0.020895522,10038,10181,10760.5,10767.33333,9653.583333,94850,참좋은여행
2017-05-26,9820,10100,9780,10050,101112,0.021341463,10028,10086,10685.5,10779.16667,9669.25,94850,참좋은여행
2017-05-29,10000,10050,9660,9760,158327,-0.028855721,9970,9987,10608.5,10771,9681.916667,94850,참좋은여행
2017-05-30,9760,9980,9690,9940,88243,0.018442623,9928,9971,10543,10766.66667,9694,94850,참좋은여행
2017-05-31,9950,9950,9780,9870,89044,-0.007042254,9892,9971,10476.5,10761.16667,9705.666667,94850,참좋은여행
2017-06-01,9870,9940,9600,9680,159596,-0.019250253,9860,9949,10403,10755.83333,9716.75,94850,참좋은여행
2017-06-02,9670,9680,9320,9490,217057,-0.019628099,9748,9888,10322.5,10739,9725.833333,94850,참좋은여행
2017-06-05,9510,9590,9420,9460,109927,-0.003161222,9688,9829,10223,10720,9734.75,94850,참좋은여행
2017-06-07,9380,9510,9370,9490,154032,0.003171247,9598,9763,10142.5,10706.5,9743.75,94850,참좋은여행
2017-06-08,9610,10500,9610,10450,968485,0.101159115,9714,9803,10090,10708.16667,9760.5,94850,참좋은여행
2017-06-09,10400,10600,10250,10500,131944,0.004784689,9878,9869,10025,10711.5,9777.666667,94850,참좋은여행
2017-06-12,10500,10600,10100,10200,105062,-0.028571429,10020,9884,9985,10711.5,9792.416667,94850,참좋은여행
2017-06-13,10050,10300,10050,10150,60339,-0.004901961,10158,9923,9955,10715,9806.416667,94850,참좋은여행
2017-06-14,10100,10500,9960,10450,210281,0.02955665,10350,9974,9972.5,10728.16667,9821.916667,94850,참좋은여행
2017-06-15,10900,11250,10450,10500,533923,0.004784689,10360,10037,10004,10741,9837.5,94850,참좋은여행
2017-06-16,10550,10750,10300,10650,136944,0.014285714,10390,10134,10041.5,10752.5,9854.25,94850,참좋은여행
2017-06-19,11000,11150,10650,10900,290578,0.023474178,10530,10275,10081.5,10771.5,9873,94850,참좋은여행
2017-06-20,10950,11550,10900,11100,424317,0.018348624,10720,10439,10134,10785.66667,9894.083333,94850,참좋은여행
2017-06-21,11150,11150,10800,11050,129900,-0.004504505,10840,10595,10179,10800.66667,9915.25,94850,참좋은여행
2017-06-22,11100,11150,10700,10850,83758,-0.018099548,10910,10635,10219,10816.66667,9934.833333,94850,참좋은여행
2017-06-23,10850,11000,10750,10900,63522,0.004608295,10960,10675,10272,10827.5,9956.75,94850,참좋은여행
2017-06-26,11050,11150,10850,10850,99396,-0.004587156,10950,10740,10312,10835,9978.75,94850,참좋은여행
2017-06-27,10800,11200,10800,10950,78377,0.00921659,10920,10820,10371.5,10830.83333,10001.08333,94850,참좋은여행
2017-06-28,10800,11800,10800,11200,300508,0.02283105,10950,10895,10434.5,10830,10024.66667,94850,참좋은여행
2017-06-29,11350,11400,11000,11100,100957,-0.008928571,11000,10955,10496,10827.5,10047.83333,94850,참좋은여행
2017-06-30,11000,11300,10900,11150,93462,0.004504505,11050,11005,10569.5,10825,10071.66667,94850,참좋은여행
2017-07-03,11150,11300,10800,10850,113276,-0.02690583,11050,11000,10637.5,10818.33333,10093.25,94850,참좋은여행
2017-07-04,10900,11000,10400,10400,131043,-0.041474654,10940,10930,10684.5,10806.66667,10110.75,94850,참좋은여행
2017-07-05,10450,10750,10350,10550,79424,0.014423077,10810,10880,10737.5,10791.66667,10129.25,94850,참좋은여행
2017-07-06,10950,11400,10500,10550,215176,0,10700,10850,10742.5,10776.66667,10148,94850,참좋은여행
2017-07-07,10400,10700,10250,10350,100671,-0.018957346,10540,10795,10735,10751.66667,10164.91667,94850,참좋은여행
2017-07-10,10400,10550,10150,10250,56521,-0.009661836,10420,10735,10737.5,10725.83333,10180.5,94850,참좋은여행
2017-07-11,10350,10400,10150,10350,43186,0.009756098,10410,10675,10747.5,10705.83333,10197,94850,참좋은여행
2017-07-12,10300,10700,10300,10500,80861,0.014492754,10400,10605,10750,10686.66667,10214.91667,94850,참좋은여행
2017-07-13,10500,10800,10350,10650,68458,0.014285714,10420,10560,10757.5,10673.33333,10234.25,94850,참좋은여행
2017-07-14,10800,10850,10450,10500,66274,-0.014084507,10450,10495,10750,10655.83333,10251.83333,94850,참좋은여행
2017-07-17,10450,10700,10350,10650,51001,0.014285714,10530,10475,10737.5,10635,10270.41667,94850,참좋은여행
2017-07-18,10650,12600,10500,11800,2476818,0.107981221,10820,10615,10772.5,10635,10298.58333,94850,참좋은여행
2017-07-19,12050,12200,11700,12100,820962,0.025423729,11140,10770,10825,10643.33333,10329.41667,94850,참좋은여행
2017-07-20,12200,12300,11750,12000,390724,-0.008264463,11410,10915,10882.5,10650.83333,10359.5,94850,참좋은여행
2017-07-21,11900,12100,11750,11800,280572,-0.016666667,11670,11060,10927.5,10653.33333,10386.66667,94850,참좋은여행
2017-07-24,11600,11700,11350,11700,389361,-0.008474576,11880,11205,10970,10655.83333,10413,94850,참좋은여행
2017-07-25,11700,11700,11350,11400,188061,-0.025641026,11800,11310,10992.5,10657.5,10435.5,94850,참좋은여행
2017-07-26,11400,11550,11000,11100,181014,-0.026315789,11600,11370,10987.5,10655,10455.16667,94850,참좋은여행
2017-07-27,11150,11300,10750,11050,135267,-0.004504505,11410,11410,10985,10652.5,10474.33333,94850,참좋은여행
2017-07-28,10950,11100,10600,11000,123598,-0.004524887,11250,11460,10977.5,10650,10492.75,94850,참좋은여행
2017-07-31,11000,11100,10450,10900,123525,-0.009090909,11090,11485,10980,10646.66667,10510.5,94850,참좋은여행
2017-08-01,10850,11350,10800,11250,153850,0.032110092,11060,11430,11022.5,10643.33333,10530.75,94850,참좋은여행
2017-08-02,11400,11400,11000,11250,132517,0,11090,11345,11057.5,10645.83333,10549.91667,94850,참좋은여행
2017-08-03,11300,11350,11050,11100,111259,-0.013333333,11100,11255,11085,10639.16667,10568,94850,참좋은여행
2017-08-04,11100,11600,10900,11600,184495,0.045045045,11220,11235,11147.5,10635.83333,10591.25,94850,참좋은여행
2017-08-07,11550,11700,11550,11600,91820,0,11360,11225,11215,10645.83333,10615.66667,94850,참좋은여행
2017-08-08,11600,11750,11300,11600,85100,0,11430,11245,11277.5,10660,10640.75,94850,참좋은여행
2017-08-09,11450,11650,11000,11050,122961,-0.047413793,11390,11240,11305,10675.83333,10662.25,94850,참좋은여행
2017-08-10,11050,11350,11000,11250,91130,0.018099548,11420,11260,11335,10698.83333,10683.91667,94850,참좋은여행
2017-08-11,11050,11600,11000,11350,112853,0.008888889,11370,11295,11377.5,10723,10706.75,94850,참좋은여행
2017-08-14,11550,11700,11250,11650,89936,0.026431718,11380,11370,11427.5,10748.83333,10731.33333,94850,참좋은여행
2017-08-16,11650,11700,11400,11450,64125,-0.017167382,11350,11390,11410,10772.16667,10752.75,94850,참좋은여행
2017-08-17,11500,11800,11400,11800,78935,0.030567686,11500,11445,11395,10799.66667,10774.58333,94850,참좋은여행
2017-08-18,11650,11800,11500,11600,81071,-0.016949153,11570,11495,11375,10825.5,10793.08333,94850,참좋은여행
2017-08-21,11650,11700,11100,11250,107862,-0.030172414,11550,11460,11347.5,10849,10808.16667,94850,참좋은여행
2017-08-22,11350,11450,11150,11250,54062,0,11470,11425,11325,10869,10824.08333,94850,참좋은여행
2017-08-23,11300,11400,11200,11400,38183,0.013333333,11460,11405,11325,10896.33333,10833.66667,94850,참좋은여행
2017-08-24,11400,11600,11400,11600,59509,0.01754386,11420,11460,11350,10924,10845.33333,94850,참좋은여행
2017-08-25,11600,11700,11350,11400,44943,-0.017241379,11380,11475,11367.5,10949.5,10855.33333,94850,참좋은여행
2017-08-28,11500,11600,11250,11450,66886,0.004385965,11420,11485,11390,10979,10867.41667,94850,참좋은여행
2017-08-29,11450,12200,11350,12050,297100,0.052401747,11580,11525,11447.5,11021.66667,10880.33333,94850,참좋은여행
2017-08-30,12100,12800,12000,12550,524922,0.041493776,11810,11635,11512.5,11073.16667,10896.58333,94850,참좋은여행
2017-08-31,12400,12500,11600,11800,404529,-0.059760956,11850,11635,11540,11111.66667,10909.08333,94850,참좋은여행
2017-09-01,11750,11900,11650,11800,84596,0,11930,11655,11575,11134.16667,10921.16667,94850,참좋은여행
2017-09-04,11250,11600,11000,11350,176634,-0.038135593,11910,11665,11562.5,11148.33333,10929.91667,94850,참좋은여행
2017-09-05,11350,11400,10450,10800,297408,-0.04845815,11660,11620,11522.5,11158.33333,10934.91667,94850,참좋은여행
2017-09-06,10800,11000,10450,10500,145536,-0.027777778,11250,11530,11467.5,11164.16667,10939.58333,94850,참좋은여행
2017-09-07,10500,10700,10300,10300,132804,-0.019047619,10950,11400,11430,11161.66667,10944.91667,94850,참좋은여행
2017-09-08,10400,10400,10050,10150,116834,-0.014563107,10620,11275,11375,11155.83333,10948.41667,94850,참좋은여행
2017-09-11,10150,10500,10100,10300,64791,0.014778325,10410,11160,11322.5,11150,10951.25,94850,참좋은여행
2017-09-12,10350,11000,10300,10800,175535,0.048543689,10410,11035,11280,11148.33333,10959.91667,94850,참좋은여행
2017-09-13,10950,10950,10650,10650,45019,-0.013888889,10440,10845,11240,11140.83333,10963.25,94850,참좋은여행
2017-09-14,10700,10850,10550,10650,31735,0,10510,10730,11182.5,11134.16667,10967.41667,94850,참좋은여행
2017-09-15,10650,10800,10550,10600,35668,-0.004694836,10600,10610,11132.5,11130,10973.33333,94850,참좋은여행
2017-09-18,10550,10750,10400,10600,58891,0,10660,10535,11100,11125,10976.25,94850,참좋은여행
2017-09-19,10500,10700,10200,10200,77154,-0.037735849,10540,10475,11047.5,11114.16667,10974.58333,94850,참좋은여행
2017-09-20,10300,10400,9970,9970,120702,-0.02254902,10404,10422,10976,11097.83333,10964.33333,94850,참좋은여행
2017-09-21,10050,10050,9530,9800,144850,-0.017051153,10234,10372,10886,11074.5,10952.25,94850,참좋은여행
2017-09-22,9800,9840,9350,9570,188011,-0.023469388,10028,10314,10794.5,11049,10938.25,94850,참좋은여행
2017-09-25,9370,9600,9180,9340,90695,-0.024033438,9776,10218,10689,11018.83333,10921.91667,94850,참좋은여행
2017-09-26,9320,10500,9240,10250,300532,0.097430407,9786,10163,10599,11008.83333,10913.58333,94850,참좋은여행
2017-09-27,10450,11300,10300,10550,420145,0.029268293,9902,10153,10499,11011.33333,10909,94850,참좋은여행
2017-09-28,10600,11300,10550,11100,228736,0.052132701,10162,10198,10464,11020.5,10906.08333,94850,참좋은여행
2017-09-29,11250,11300,10850,10950,98419,-0.013513514,10438,10233,10421.5,11027.16667,10901.91667,94850,참좋은여행
2017-10-10,10900,10950,10450,10500,143632,-0.04109589,10670,10223,10379,11029.66667,10890.66667,94850,참좋은여행
2017-10-11,10450,10800,10450,10750,38082,0.023809524,10770,10278,10376.5,11038,10881.91667,94850,참좋은여행
2017-10-12,10850,10850,10350,10500,95901,-0.023255814,10760,10331,10376.5,11040.5,10873.16667,94850,참좋은여행
2017-10-13,10500,10550,10000,10200,183289,-0.028571429,10580,10371,10371.5,11035.5,10861.08333,94850,참좋은여행
2017-10-16,10200,10550,9830,10500,283916,0.029411765,10490,10464,10389,11033,10853.16667,94850,참좋은여행
2017-10-17,10400,10900,10250,10750,143216,0.023809524,10540,10605,10411.5,11037.16667,10846.5,94850,참좋은여행
2017-10-18,10850,10850,10400,10800,104405,0.004651163,10550,10660,10411.5,11039.66667,10837.33333,94850,참좋은여행
2017-10-19,10800,10900,10700,10850,76497,0.00462963,10620,10690,10421.5,11023.83333,10829.41667,94850,참좋은여행
2017-10-20,10900,10900,10450,10450,81919,-0.036866359,10670,10625,10411.5,10996.33333,10819.83333,94850,참좋은여행
2017-10-23,10500,10800,10450,10800,69576,0.033492823,10730,10610,10421.5,10976.33333,10813.58333,94850,참좋은여행
2017-10-24,10750,11100,10550,10950,90729,0.013888889,10770,10655,10439,10962.16667,10807.75,94850,참좋은여행
2017-10-25,11050,11050,10750,10900,49914,-0.00456621,10790,10670,10474,10948.83333,10802.33333,94850,참좋은여행
2017-10-26,11000,11450,10850,11200,193794,0.027522936,10860,10740,10535.5,10945.5,10801.5,94850,참좋은여행
2017-10-27,11450,11950,11200,11500,312965,0.026785714,11070,10870,10620.5,10952.16667,10803.58333,94850,참좋은여행
2017-10-30,11750,11800,11450,11500,101520,0,11210,10970,10717,10959.66667,10806.08333,94850,참좋은여행
2017-10-31,11550,11700,11200,11650,247993,0.013043478,11350,11060,10832.5,10970.5,10810.25,94850,참좋은여행
2017-11-01,11650,11700,11100,11350,149205,-0.025751073,11440,11115,10887.5,10978,10812.33333,94850,참좋은여행
2017-11-02,11350,11550,11150,11200,72345,-0.013215859,11440,11150,10920,10977.16667,10810.25,94850,참좋은여행
2017-11-03,11250,11350,10850,11050,105470,-0.013392857,11350,11210,10917.5,10973.83333,10809.83333,94850,참좋은여행
2017-11-06,11200,11650,11150,11350,228015,0.027149321,11320,11265,10937.5,10978,10808.58333,94850,참좋은여행
2017-11-07,11400,11400,11050,11250,53852,-0.008810573,11240,11295,10975,10972.16667,10804,94850,참좋은여행
2017-11-08,11350,11400,11050,11200,71012,-0.004444444,11210,11325,10997.5,10965.5,10805.66667,94850,참좋은여행
2017-11-09,11300,11700,11150,11600,182012,0.035714286,11290,11365,11052.5,10965.5,10812.75,94850,참좋은여행
2017-11-10,11500,11850,11400,11750,151117,0.012931034,11430,11390,11130,10977.16667,10826.5,94850,참좋은여행
2017-11-13,11800,12250,11550,11800,343087,0.004255319,11520,11420,11195,10986.33333,10842.58333,94850,참좋은여행
2017-11-14,11900,11900,11500,11800,110124,0,11630,11435,11247.5,10993.83333,10858.41667,94850,참좋은여행
2017-11-15,11700,11800,11400,11500,108020,-0.025423729,11690,11450,11282.5,10991.33333,10870.08333,94850,참좋은여행
2017-11-16,11450,11800,11200,11550,110646,0.004347826,11680,11485,11317.5,10993,10882.58333,94850,참좋은여행
2017-11-17,11550,11850,11350,11800,129492,0.021645022,11690,11560,11385,10993,10896.33333,94850,참좋은여행
2017-11-20,11850,12200,11750,12050,172365,0.021186441,11740,11630,11447.5,11000.5,10913,94850,참좋은여행
2017-11-21,12100,12100,11700,11800,150970,-0.020746888,11740,11685,11490,11009.66667,10929.33333,94850,참좋은여행
2017-11-22,11900,12100,11550,11850,138157,0.004237288,11810,11750,11537.5,11019.66667,10944.33333,94850,참좋은여행
2017-11-23,12000,12250,11750,11800,140864,-0.004219409,11860,11770,11567.5,11026.33333,10961.33333,94850,참좋은여행
2017-11-24,11800,12050,11650,11950,123166,0.012711864,11890,11790,11590,11032.16667,10978.08333,94850,참좋은여행
2017-11-27,12100,12250,11750,12200,153762,0.020920502,11920,11830,11625,11045.5,10997.5,94850,참좋은여행
2017-11-28,12150,12300,11850,11900,131049,-0.024590164,11940,11840,11637.5,11053,11016,94850,참좋은여행
2017-11-29,11800,12000,11750,11850,112977,-0.004201681,11940,11875,11662.5,11049.66667,11035.66667,94850,참좋은여행
2017-11-30,11900,12100,11750,11950,112132,0.008438819,11970,11915,11700,11039.66667,11056.41667,94850,참좋은여행
2017-12-01,12000,12050,11450,11450,143758,-0.041841004,11870,11880,11720,11033.83333,11072.75,94850,참좋은여행
2017-12-04,11450,11500,11100,11400,113590,-0.004366812,11710,11815,11722.5,11027.16667,11080.66667,94850,참좋은여행
2017-12-05,11400,11900,11400,11750,100896,0.030701754,11680,11810,11747.5,11033.83333,11091.08333,94850,참좋은여행
2017-12-06,11750,11750,11450,11500,63593,-0.021276596,11610,11775,11762.5,11045.5,11101.91667,94850,참좋은여행
2017-12-07,11600,11650,11200,11600,74529,0.008695652,11540,11755,11762.5,11063.83333,11114,94850,참좋은여행
2017-12-08,11650,11850,11350,11350,69120,-0.021551724,11520,11695,11742.5,11081.33333,11121.5,94850,참좋은여행
2017-12-11,11550,11550,11250,11450,51401,0.008810573,11530,11620,11725,11103,11129.41667,94850,참좋은여행
2017-12-12,11450,11450,11200,11200,44956,-0.021834061,11420,11550,11695,11118,11134,94850,참좋은여행
2017-12-13,11200,11400,11100,11400,51939,0.017857143,11400,11505,11690,11128,11138.16667,94850,참좋은여행
2017-12-14,11300,11400,11000,11250,72376,-0.013157895,11330,11435,11675,11138,11139.41667,94850,참좋은여행
2017-12-15,11300,11300,11150,11150,29289,-0.008888889,11290,11405,11642.5,11146.33333,11140.25,94850,참좋은여행
2017-12-18,11200,11300,11050,11100,36264,-0.004484305,11220,11375,11595,11154.66667,11142.33333,94850,참좋은여행
2017-12-19,11100,11250,10850,11150,76162,0.004504505,11210,11315,11562.5,11163.83333,11144.41667,94850,참좋은여행
2017-12-20,11150,11350,11100,11150,43630,0,11160,11280,11527.5,11179.66667,11146.91667,94850,참좋은여행
2017-12-21,11150,11300,10850,11000,70644,-0.013452915,11110,11220,11487.5,11196.83333,11147.33333,94850,참좋은여행
2017-12-22,10900,11100,10600,10700,93333,-0.027272727,11020,11155,11425,11211.83333,11143.16667,94850,참좋은여행
2017-12-26,10700,10950,10700,10800,45474,0.009345794,10960,11090,11355,11232.33333,11140.66667,94850,참좋은여행
2017-12-27,10800,11250,10800,11200,28169,0.037037037,10970,11090,11320,11263.33333,11141.08333,94850,참좋은여행
2017-12-28,11200,11200,10900,10950,17862,-0.022321429,10930,11045,11275,11275,11141.91667,94850,참좋은여행
2018-01-02,10950,11350,10950,11250,25340,0.02739726,10980,11045,11240,11286.66667,11149,94850,참좋은여행
2018-01-03,11300,11350,11100,11200,28604,-0.004444444,11080,11050,11227.5,11288.33333,11154.41667,94850,참좋은여행
2018-01-04,11250,11250,10900,10900,41233,-0.026785714,11100,11030,11202.5,11287.5,11157.33333,94850,참좋은여행
2018-01-05,10850,11000,10600,10950,92059,0.004587156,11050,11010,11162.5,11295,11162.33333,94850,참좋은여행
2018-01-08,11100,11100,10650,10650,46418,-0.02739726,10990,10960,11120,11293.33333,11165.66667,94850,참좋은여행
2018-01-09,10600,10750,10400,10550,67604,-0.009389671,10850,10915,11067.5,11294.16667,11167.33333,94850,참좋은여행
2018-01-10,10600,10700,10450,10550,58114,0,10720,10900,11027.5,11300,11167.75,94850,참좋은여행
2018-01-11,10600,10700,10450,10650,51688,0.009478673,10670,10885,10987.5,11302.5,11167.75,94850,참좋은여행
2018-01-12,10600,10650,10450,10550,44587,-0.009389671,10590,10820,10955,11299.16667,11168.16667,94850,참좋은여행
2018-01-15,10650,10650,10400,10600,46167,0.004739336,10580,10785,10915,11295.83333,11167.75,94850,참좋은여행
2018-01-16,10550,11000,10450,10800,63454,0.018867925,10630,10740,10892.5,11295,11159.41667,94850,참좋은여행
2018-01-17,10750,11000,10700,10900,36595,0.009259259,10700,10710,10880,11302.5,11149.41667,94850,참좋은여행
2018-01-18,10900,11050,10800,11000,66499,0.009174312,10770,10720,10875,11305.83333,11141.08333,94850,참좋은여행
2018-01-19,11050,11300,10900,11050,47066,0.004545455,10870,10730,10870,11307.5,11134.83333,94850,참좋은여행
2018-01-22,11100,11200,10950,11100,46077,0.004524887,10970,10775,10867.5,11310.83333,11129.83333,94850,참좋은여행
2018-01-23,11150,11250,11000,11200,30716,0.009009009,11050,10840,10877.5,11310.83333,11128.16667,94850,참좋은여행
2018-01-24,11200,11300,10900,11200,53759,0,11110,10905,10902.5,11305.83333,11129,94850,참좋은여행
2018-01-25,11150,11550,11150,11500,109974,0.026785714,11210,10990,10937.5,11305.83333,11132.75,94850,참좋은여행
2018-01-26,11600,11800,11400,11750,112570,0.02173913,11350,11110,10965,11307.5,11139,94850,참좋은여행
2018-01-29,11850,11850,11450,11600,91749,-0.012765957,11450,11210,10997.5,11311.66667,11144.83333,94850,참좋은여행
2018-01-30,11500,11550,11200,11200,77102,-0.034482759,11450,11250,10995,11311.66667,11144.41667,94850,참좋은여행
2018-01-31,11050,11350,11050,11300,36474,0.008928571,11470,11290,11000,11315.83333,11144.83333,94850,참좋은여행
2018-02-01,11200,11750,11200,11550,92550,0.022123894,11480,11345,11032.5,11319.16667,11148.58333,94850,참좋은여행
2018-02-02,11650,11950,11550,11850,127819,0.025974026,11500,11425,11077.5,11329.16667,11150.66667,94850,참좋은여행
2018-02-05,11600,12450,11550,12000,255988,0.012658228,11580,11515,11145,11342.5,11154,94850,참좋은여행
2018-02-06,11600,12550,11250,12500,377890,0.041666667,11840,11645,11242.5,11357.5,11161.5,94850,참좋은여행
2018-02-07,12550,13250,11850,12000,570675,-0.04,11980,11725,11315,11361.66667,11169.41667,94850,참좋은여행
2018-02-08,11900,12900,11800,12550,318842,0.045833333,12180,11830,11410,11374.16667,11180.25,94850,참좋은여행
2018-02-09,12050,12800,12050,12700,193649,0.011952191,12350,11925,11517.5,11389.16667,11191.5,94850,참좋은여행
2018-02-12,12650,13250,12600,13000,207100,0.023622047,12550,12065,11637.5,11414.16667,11202.75,94850,참좋은여행
2018-02-13,13150,13150,12200,12350,207040,-0.05,12520,12180,11715,11427.5,11210.25,94850,참좋은여행
2018-02-14,12300,12650,12100,12600,193149,0.020242915,12640,12310,11800,11440.83333,11216.91667,94850,참좋은여행
2018-02-19,13350,13400,12750,12750,280221,0.011904762,12680,12430,11887.5,11452.5,11226.5,94850,참좋은여행
2018-02-20,12650,13450,12650,12800,295702,0.003921569,12700,12525,11975,11469.16667,11239.41667,94850,참좋은여행
2018-02-21,12900,13800,12800,13550,399464,0.05859375,12810,12680,12097.5,11497.5,11258.58333,94850,참좋은여행
2018-02-22,13650,13950,13150,13400,266641,-0.011070111,13020,12770,12207.5,11524.16667,11275.25,94850,참좋은여행
2018-02-23,13300,13650,13150,13650,180349,0.018656716,13230,12935,12330,11552.5,11292.33333,94850,참좋은여행
2018-02-26,13800,13800,13450,13700,167699,0.003663004,13420,13050,12440,11577.5,11311.5,94850,참좋은여행
2018-02-27,13700,13700,13150,13550,186930,-0.010948905,13570,13135,12530,11605,11329,94850,참좋은여행
2018-02-28,13350,13700,13200,13650,137926,0.007380074,13590,13200,12632.5,11635,11342.33333,94850,참좋은여행
2018-03-02,13450,14100,13350,13900,188290,0.018315018,13690,13355,12767.5,11667.5,11353.58333,94850,참좋은여행
2018-03-05,13900,13900,13100,13250,249940,-0.04676259,13610,13420,12865,11697.5,11365.66667,94850,참좋은여행
2018-03-06,13350,13950,13250,13450,128097,0.01509434,13560,13490,12960,11731.66667,11379.41667,94850,참좋은여행
2018-03-07,13450,13550,13000,13450,139367,0,13540,13555,13040,11760,11396.91667,94850,참좋은여행
2018-03-08,13400,13750,13200,13350,133694,-0.007434944,13480,13535,13107.5,11790.83333,11418.16667,94850,참좋은여행
2018-03-09,13500,13750,12800,13100,328318,-0.018726592,13320,13505,13137.5,11815.83333,11439.83333,94850,참좋은여행
2018-03-12,13050,13500,12850,12900,166364,-0.015267176,13250,13430,13182.5,11841.66667,11461.5,94850,참좋은여행
2018-03-13,12900,13050,12700,12900,127592,0,13140,13350,13200,11865.83333,11484.41667,94850,참좋은여행
2018-03-14,12900,13150,12800,12950,66136,0.003875969,13040,13290,13212.5,11895,11506.5,94850,참좋은여행
2018-03-15,12900,13250,12850,13050,130320,0.007722008,12980,13230,13215,11922.5,11525.25,94850,참좋은여행
2018-03-16,12950,13200,12850,12950,103298,-0.007662835,12950,13135,13245,11950.83333,11544.41667,94850,참좋은여행
2018-03-19,12900,13050,12700,12950,75926,0,12960,13105,13262.5,11980.83333,11563.58333,94850,참좋은여행
2018-03-20,12750,13050,12650,12700,49424,-0.019305019,12920,13030,13260,12007.5,11581.08333,94850,참좋은여행
2018-03-21,12800,12850,12450,12850,73282,0.011811024,12900,12970,13262.5,12035.83333,11599.83333,94850,참좋은여행
2018-03-22,12900,13150,12800,12850,67858,0,12860,12920,13227.5,12064.16667,11621.91667,94850,참좋은여행
2018-03-23,12600,12800,12250,12300,94775,-0.042801556,12730,12840,13172.5,12085.83333,11641.33333,94850,참좋은여행
2018-03-26,12100,12750,12100,12700,72374,0.032520325,12680,12820,13125,12119.16667,11665.5,94850,참좋은여행
2018-03-27,12700,12900,12550,12600,34512,-0.007874016,12660,12790,13070,12149.16667,11690.75,94850,참좋은여행
2018-03-28,12600,13100,12550,12650,67215,0.003968254,12620,12760,13025,12173.33333,11718.33333,94850,참좋은여행
2018-03-29,12800,12850,12450,12650,27577,0,12580,12720,12975,12201.66667,11738.33333,94850,참좋은여행
2018-03-30,12800,12800,12450,12750,38411,0.007905138,12670,12700,12917.5,12226.66667,11756.66667,94850,참좋은여행
2018-04-02,12950,13250,12600,12750,113260,0,12680,12680,12892.5,12252.5,11770.41667,94850,참좋은여행
2018-04-03,12750,13000,12400,12900,96134,0.011764706,12740,12700,12865,12285.83333,11786.66667,94850,참좋은여행
2018-04-04,12850,13050,12600,12650,62843,-0.019379845,12740,12680,12825,12314.16667,11804.58333,94850,참좋은여행
2018-04-05,12900,13050,12750,12750,54916,0.007905138,12760,12670,12795,12349.16667,11821.25,94850,참좋은여행
2018-04-06,12800,12800,12500,12750,34751,0,12760,12715,12777.5,12385.83333,11840,94850,참좋은여행
2018-04-09,12750,12800,12550,12750,28680,0,12760,12720,12770,12422.5,11861.25,94850,참좋은여행
2018-04-10,12750,12750,12550,12700,35131,-0.003921569,12720,12730,12760,12456.66667,11879.58333,94850,참좋은여행
2018-04-11,12800,12800,12500,12650,48731,-0.003937008,12720,12730,12745,12491.66667,11895.41667,94850,참좋은여행
2018-04-12,12700,12900,12550,12750,53884,0.007905138,12720,12740,12730,12527.5,11911.66667,94850,참좋은여행
2018-04-13,12750,12900,12650,12700,43745,-0.003921569,12710,12735,12717.5,12559.16667,11927.08333,94850,참좋은여행
2018-04-16,12700,12900,12600,12750,79800,0.003937008,12710,12735,12707.5,12590,11946.25,94850,참좋은여행
2018-04-17,12800,13050,12700,13050,137655,0.023529412,12780,12750,12725,12624.16667,11965,94850,참좋은여행
2018-04-18,13050,13150,12750,12950,70893,-0.007662835,12840,12780,12730,12655.83333,11981.66667,94850,참좋은여행
2018-04-19,12850,13100,12800,13100,82653,0.011583012,12910,12815,12742.5,12689.16667,12000,94850,참좋은여행
2018-04-20,13100,13500,13050,13350,151880,0.019083969,13040,12875,12795,12725,12017.91667,94850,참좋은여행
2018-04-23,13200,13550,13050,13450,126096,0.007490637,13180,12945,12832.5,12762.5,12034.16667,94850,참좋은여행
2018-04-24,13450,13500,12900,12900,75424,-0.040892193,13150,12965,12847.5,12785.83333,12045.83333,94850,참좋은여행
2018-04-25,12850,13000,12400,12750,155732,-0.011627907,13110,12975,12852.5,12802.5,12055,94850,참좋은여행
2018-04-26,12700,13000,12400,12500,76435,-0.019607843,12990,12950,12845,12817.5,12064.58333,94850,참좋은여행
2018-04-27,12500,12600,12300,12400,34353,-0.008,12800,12920,12827.5,12837.5,12074.58333,94850,참좋은여행
2018-04-30,12450,13150,12300,13100,130876,0.056451613,12730,12955,12845,12867.5,12091.66667,94850,참좋은여행
2018-05-02,13300,13500,12700,12900,60556,-0.015267176,12730,12940,12845,12890,12104.58333,94850,참좋은여행
2018-05-03,12900,13250,12600,12650,75996,-0.019379845,12710,12910,12845,12903.33333,12116.25,94850,참좋은여행
2018-05-04,13050,13050,12300,12350,87591,-0.023715415,12680,12835,12825,12909.16667,12125.83333,94850,참좋은여행
2018-05-08,12350,12450,12000,12100,154759,-0.020242915,12620,12710,12792.5,12902.5,12130,94850,참좋은여행
2018-05-09,12400,12500,11300,12200,80469,0.008264463,12440,12585,12765,12905.83333,12133.75,94850,참좋은여행
2018-05-10,12350,12550,12100,12500,32625,0.024590164,12360,12545,12755,12905,12139.58333,94850,참좋은여행
2018-05-11,12550,12800,12500,12650,53933,0.012,12360,12535,12755,12904.16667,12146.66667,94850,참좋은여행
2018-05-14,12750,12800,12450,12650,46768,0,12420,12550,12750,12898.33333,12156.25,94850,참좋은여행
2018-05-15,12750,13000,12650,12850,51517,0.015810277,12570,12595,12757.5,12906.66667,12167.08333,94850,참좋은여행
2018-05-16,12900,12900,12400,12700,52828,-0.011673152,12670,12555,12755,12908.33333,12174.58333,94850,참좋은여행
2018-05-17,12750,12900,12650,12750,36053,0.003937008,12720,12540,12740,12908.33333,12180.41667,94850,참좋은여행
2018-05-18,12850,12850,12650,12700,23192,-0.003921569,12730,12545,12727.5,12906.66667,12187.91667,94850,참좋은여행
2018-05-21,12600,12800,12550,12650,29431,-0.003937008,12730,12575,12705,12891.66667,12194.58333,94850,참좋은여행
2018-05-23,12650,12800,12500,12550,34695,-0.007905138,12670,12620,12665,12877.5,12200.83333,94850,참좋은여행
2018-05-24,12650,12650,12300,12450,47070,-0.007968127,12620,12645,12615,12857.5,12205,94850,참좋은여행
2018-05-25,12350,12600,12300,12400,32387,-0.004016064,12550,12635,12590,12835.83333,12206.66667,94850,참좋은여행
2018-05-28,12650,12650,12000,12150,109682,-0.02016129,12440,12585,12560,12812.5,12208.75,94850,참좋은여행
2018-05-29,12300,12400,12150,12350,32046,0.016460905,12380,12555,12552.5,12790.83333,12212.91667,94850,참좋은여행
2018-05-30,12450,12500,12200,12500,40540,0.012145749,12370,12520,12557.5,12767.5,12217.5,94850,참좋은여행
2018-05-31,12600,13250,12400,13100,198373,0.048,12500,12560,12557.5,12765,12231.25,94850,참좋은여행
2018-06-01,13150,13700,13050,13500,235318,0.030534351,12720,12635,12587.5,12765.83333,12248.75,94850,참좋은여행
2018-06-04,13500,13650,13150,13400,105989,-0.007407407,12970,12705,12625,12765,12262.5,94850,참좋은여행
2018-06-05,13550,13600,13000,13500,57294,0.007462687,13200,12790,12682.5,12767.5,12279.16667,94850,참좋은여행
2018-06-07,13450,13450,13000,13400,60920,-0.007407407,13380,12875,12747.5,12772.5,12294.16667,94850,참좋은여행
2018-06-08,13400,13400,12850,12950,72998,-0.03358209,13350,12925,12785,12773.33333,12307.5,94850,참좋은여행
2018-06-11,12950,13200,12950,13050,84132,0.007722008,13260,12990,12812.5,12775.83333,12320.83333,94850,참좋은여행
2018-06-12,13100,13300,13000,13300,59430,0.019157088,13240,13105,12845,12781.66667,12338.33333,94850,참좋은여행
2018-06-14,13300,13350,12950,13200,48630,-0.007518797,13180,13190,12872.5,12784.16667,12353.33333,94850,참좋은여행
2018-06-15,13200,13300,12800,12850,49378,-0.026515152,13070,13225,12872.5,12782.5,12366.66667,94850,참좋은여행
2018-06-18,12800,12800,12100,12150,153671,-0.054474708,12910,13130,12845,12769.16667,12375,94850,참좋은여행
2018-06-19,12300,12300,11800,11800,58297,-0.028806584,12660,12960,12797.5,12754.16667,12380.83333,94850,참좋은여행
2018-06-20,11900,12400,11800,12300,42752,0.042372881,12460,12850,12777.5,12745,12390.41667,94850,참좋은여행
2018-06-21,12150,12550,12150,12350,30552,0.004065041,12290,12735,12762.5,12736.66667,12400.41667,94850,참좋은여행
2018-06-22,12450,12450,11600,12100,108569,-0.020242915,12140,12605,12740,12733.33333,12409.58333,94850,참좋은여행
2018-06-25,12050,12050,11800,12000,65691,-0.008264463,12110,12510,12717.5,12721.66667,12420.41667,94850,참좋은여행
2018-06-26,11750,12350,11700,12250,64855,0.020833333,12200,12430,12710,12715.83333,12432.5,94850,참좋은여행
2018-06-27,12350,12400,11900,12000,44165,-0.020408163,12140,12300,12702.5,12705,12439.16667,94850,참좋은여행
2018-06-28,12000,12000,11600,11650,62370,-0.029166667,12000,12145,12667.5,12688.33333,12445,94850,참좋은여행
2018-06-29,11850,11850,11300,11700,52460,0.004291845,11920,12030,12627.5,12670.83333,12448.75,94850,참좋은여행
2018-07-02,11650,11650,11200,11250,274664,-0.038461538,11770,11940,12535,12645.83333,12449.16667,94850,참좋은여행
2018-07-03,11450,11450,10900,11100,108300,-0.013333333,11540,11870,12415,12615.83333,12450.83333,94850,참좋은여행
2018-07-04,11100,11400,11050,11200,35191,0.009009009,11380,11760,12305,12591.66667,12452.91667,94850,참좋은여행
2018-07-05,11200,11350,10500,11000,190743,-0.017857143,11250,11625,12180,12562.5,12455.83333,94850,참좋은여행
2018-07-06,11150,11350,10950,11250,43388,0.022727273,11160,11540,12072.5,12537.5,12461.66667,94850,참좋은여행
2018-07-09,11250,11300,11000,11050,43919,-0.017777778,11120,11445,11977.5,12509.16667,12465.83333,94850,참좋은여행
2018-07-10,11150,11700,11100,11650,49999,0.054298643,11230,11385,11907.5,12491.66667,12474.16667,94850,참좋은여행
2018-07-11,11650,11700,11350,11450,41356,-0.017167382,11280,11330,11815,12471.66667,12481.66667,94850,참좋은여행
2018-07-12,11600,11650,11150,11300,38378,-0.013100437,11340,11295,11720,12447.5,12487.5,94850,참좋은여행
2018-07-13,11350,11600,11300,11450,12107,0.013274336,11380,11270,11650,12426.66667,12492.91667,94850,참좋은여행
2018-07-16,11600,11600,11050,11200,59919,-0.021834061,11410,11265,11602.5,12400.83333,12495.41667,94850,참좋은여행
2018-07-17,11300,11400,11100,11200,13360,0,11320,11275,11572.5,12370,12497.08333,94850,참좋은여행
2018-07-18,11200,11450,11150,11150,25562,-0.004464286,11260,11270,11515,12340,12497.91667,94850,참좋은여행
2018-07-19,11300,11300,10700,10800,65429,-0.031390135,11160,11250,11437.5,12301.66667,12495.41667,94850,참좋은여행
2018-07-20,10900,11100,10750,10900,33657,0.009259259,11050,11215,11377.5,12260.83333,12492.91667,94850,참좋은여행
2018-07-23,10900,10900,10600,10650,47136,-0.02293578,10940,11175,11310,12214.16667,12488.33333,94850,참좋은여행
2018-07-24,10650,11000,10550,10750,140494,0.009389671,10850,11085,11235,12178.33333,12482.08333,94850,참좋은여행
2018-07-25,10850,11000,10800,10950,29072,0.018604651,10810,11035,11182.5,12148.33333,12475.41667,94850,참좋은여행
2018-07-26,11000,11200,10850,10900,41290,-0.00456621,10830,10995,11145,12121.66667,12469.58333,94850,참좋은여행
2018-07-27,10900,10900,10650,10800,60523,-0.009174312,10810,10930,11100,12095,12466.25,94850,참좋은여행
2018-07-30,10800,10850,10550,10600,39153,-0.018518519,10800,10870,11067.5,12053.33333,12460.41667,94850,참좋은여행
2018-07-31,10550,10700,10400,10500,54053,-0.009433962,10750,10800,11037.5,12013.33333,12451.66667,94850,참좋은여행
2018-08-01,10550,10750,10450,10650,38875,0.014285714,10690,10750,11010,11980,12441.66667,94850,참좋은여행
2018-08-02,10550,10600,9980,10200,318023,-0.042253521,10550,10690,10970,11944.16667,12426.66667,94850,참좋은여행
2018-08-03,10200,10300,10100,10300,40561,0.009803922,10450,10630,10922.5,11914.16667,12408.33333,94850,참좋은여행
2018-08-06,10300,10400,10300,10300,33830,0,10390,10595,10885,11882.5,12394.16667,94850,참좋은여행
2018-08-07,10350,10350,10050,10250,33641,-0.004854369,10340,10545,10815,11845,12375,94850,참좋은여행
2018-08-08,10200,10250,10100,10150,21188,-0.009756098,10240,10465,10750,11803.33333,12353.75,94850,참좋은여행
2018-08-09,10200,10200,10000,10150,38508,0,10230,10390,10692.5,11761.66667,12330,94850,참좋은여행
2018-08-10,10200,10200,9990,10000,31301,-0.014778325,10170,10310,10620,11714.16667,12310.41667,94850,참좋은여행
2018-08-13,10000,10000,9580,9650,67868,-0.035,10040,10215,10542.5,11663.33333,12285.83333,94850,참좋은여행
2018-08-14,9640,10000,9580,10000,27602,0.03626943,9990,10165,10482.5,11617.5,12262.91667,94850,참좋은여행
2018-08-16,10000,10050,9700,10050,49034,0.005,9970,10105,10427.5,11573.33333,12240,94850,참좋은여행
2018-08-17,10100,10300,9980,10200,39902,0.014925373,9980,10105,10397.5,11532.5,12212.08333,94850,참좋은여행
2018-08-20,10250,10250,9980,10000,35501,-0.019607843,9980,10075,10352.5,11490,12183.75,94850,참좋은여행
2018-08-21,10000,10150,10000,10100,23209,0.01,10070,10055,10325,11450.83333,12154.16667,94850,참좋은여행
2018-08-22,10100,10350,10000,10050,35156,-0.004950495,10080,10035,10290,11411.66667,12123.75,94850,참좋은여행
2018-08-23,10050,10150,9950,10000,31547,-0.004975124,10070,10020,10242.5,11375.83333,12094.16667,94850,참좋은여행
2018-08-24,10000,10150,9980,10150,15654,0.015,10060,10020,10205,11339.16667,12065,94850,참좋은여행
2018-08-27,10050,10150,9980,10000,26942,-0.014778325,10060,10020,10165,11297.5,12032.5,94850,참좋은여행
2018-08-28,10050,10500,10050,10350,41032,0.035,10110,10090,10152.5,11251.66667,12008.33333,94850,참좋은여행
2018-08-29,10350,10550,10350,10350,50980,0,10170,10125,10145,11199.16667,11982.5,94850,참좋은여행
2018-08-30,10550,10800,10500,10650,73060,0.028985507,10300,10185,10145,11153.33333,11959.16667,94850,참좋은여행
2018-08-31,10700,10800,10500,10650,28772,0,10400,10230,10167.5,11105.83333,11936.66667,94850,참좋은여행
2018-09-03,10700,10700,10400,10450,35346,-0.018779343,10490,10275,10175,11056.66667,11914.58333,94850,참좋은여행
2018-09-04,10500,10700,10400,10700,36882,0.023923445,10560,10335,10195,11019.16667,11896.25,94850,참좋은여행
2018-09-05,10600,10700,10350,10400,36272,-0.028037383,10570,10370,10202.5,10975,11875.41667,94850,참좋은여행
2018-09-06,10350,10550,10300,10450,29835,0.004807692,10530,10415,10217.5,10927.5,11854.58333,94850,참좋은여행
2018-09-07,10450,10500,10200,10250,28099,-0.019138756,10450,10425,10222.5,10878.33333,11831.25,94850,참좋은여행
2018-09-10,10150,10350,10050,10150,24448,-0.009756098,10390,10440,10230,10833.33333,11807.91667,94850,참좋은여행
2018-09-11,10300,10300,10100,10150,19553,0,10280,10420,10255,10800,11784.58333,94850,참좋은여행
2018-09-12,10150,10600,10150,10400,81846,0.024630542,10280,10425,10275,10776.66667,11765.41667,94850,참좋은여행
2018-09-13,10700,10750,10450,10500,53046,0.009615385,10290,10410,10297.5,10746.66667,11745.83333,94850,참좋은여행
2018-09-14,10750,10800,10600,10800,44854,0.028571429,10400,10425,10327.5,10720.83333,11728.75,94850,참좋은여행
2018-09-17,10850,10900,10500,10550,24955,-0.023148148,10480,10435,10355,10695,11714.16667,94850,참좋은여행
2018-09-18,10600,10700,10450,10600,19155,0.004739336,10570,10425,10380,10671.66667,11696.66667,94850,참좋은여행
2018-09-19,10500,10600,10400,10550,43495,-0.004716981,10600,10440,10405,10643.33333,11679.58333,94850,참좋은여행
2018-09-20,10550,10700,10300,10500,61150,-0.004739336,10600,10445,10430,10618.33333,11661.66667,94850,참좋은여행
2018-09-21,10550,10650,10250,10350,45738,-0.014285714,10510,10455,10440,10596.66667,11642.5,94850,참좋은여행
2018-09-27,10400,10700,10250,10650,50556,0.028985507,10530,10505,10472.5,10579.16667,11625,94850,참좋은여행
2018-09-28,10700,10700,10450,10600,16102,-0.004694836,10530,10550,10485,10568.33333,11607.08333,94850,참좋은여행
2018-10-01,10600,10700,10500,10550,28806,-0.004716981,10530,10565,10495,10559.16667,11587.5,94850,참좋은여행
2018-10-02,10550,10550,10100,10100,35125,-0.042654028,10450,10525,10467.5,10540.83333,11566.25,94850,참좋은여행
2018-10-04,10150,10250,9940,9990,43802,-0.010891089,10378,10444,10434.5,10524,11543.25,94850,참좋은여행
2018-10-05,10000,10250,9960,10150,72279,0.016016016,10278,10404,10419.5,10505.66667,11521.58333,94850,참좋은여행
2018-10-08,10050,10300,10000,10150,31794,0,10188,10359,10392,10490.66667,11499.91667,94850,참좋은여행
2018-10-10,10050,10250,9800,9800,45893,-0.034482759,10038,10284,10362,10459.83333,11475.75,94850,참좋은여행
2018-10-11,9600,9600,9000,9030,80772,-0.078571429,9824,10137,10291,10419.5,11445.58333,94850,참좋은여행
2018-10-12,9000,9250,8910,9030,47631,0,9632,10005,10230,10381.66667,11414.58333,94850,참좋은여행
2018-10-15,9030,9750,8950,9370,57142,0.03765227,9476,9877,10191,10347,11386.83333,94850,참좋은여행
2018-10-16,9380,9440,9280,9380,20275,0.001067236,9322,9755,10152.5,10316.66667,11358.75,94850,참좋은여행
2018-10-17,9400,9650,8980,9070,69380,-0.033049041,9176,9607,10086,10281.16667,11325.58333,94850,참좋은여행
2018-10-18,9070,9070,8780,8820,56283,-0.027563396,9134,9479,10002,10242.33333,11291.16667,94850,참좋은여행
2018-10-19,8710,8900,8590,8850,43626,0.003401361,9098,9365,9904.5,10209.83333,11255.75,94850,참좋은여행
2018-10-22,8750,8850,8640,8750,64999,-0.011299435,8974,9225,9814.5,10174,11217.41667,94850,참좋은여행
2018-10-23,8750,8790,8510,8510,56789,-0.027428571,8800,9061,9710,10138.33333,11176.25,94850,참좋은여행
2018-10-24,8580,8750,8300,8300,44719,-0.024676851,8646,8911,9597.5,10097.5,11137.91667,94850,참좋은여행
2018-10-25,8240,8280,8000,8070,62212,-0.027710843,8496,8815,9476,10049.5,11098.91667,94850,참좋은여행
2018-10-26,8160,8180,7580,7990,89523,-0.009913259,8324,8711,9358,10001,11061.33333,94850,참좋은여행
2018-10-29,7900,8170,7510,7610,92484,-0.047559449,8096,8535,9206,9947.833333,11021.41667,94850,참좋은여행
2018-10-30,7310,7740,7260,7620,86445,0.00131406,7918,8359,9057,9898.166667,10975.75,94850,참좋은여행
2018-10-31,7600,7820,7520,7750,39455,0.017060367,7808,8227,8917,9852.333333,10932.83333,94850,참좋은여행
2018-11-01,7820,7860,7700,7740,44013,-0.001290323,7742,8119,8799,9803.833333,10891.91667,94850,참좋은여행
2018-11-02,7760,8100,7760,8030,64678,0.0374677,7750,8037,8701,9767.666667,10855.91667,94850,참좋은여행
2018-11-05,7940,8000,7790,7840,48829,-0.02366127,7796,7946,8585.5,9726.666667,10820.41667,94850,참좋은여행
2018-11-06,7800,7900,7750,7860,51371,0.00255102,7844,7881,8471,9686,10784.25,94850,참좋은여행
2018-11-07,7870,8050,7800,7880,76355,0.002544529,7870,7839,8375,9646.5,10745.75,94850,참좋은여행
2018-11-08,7960,8100,7920,8020,35870,0.017766497,7926,7834,8324.5,9611,10707.16667,94850,참좋은여행
2018-11-09,8130,8130,7890,7910,15906,-0.013715711,7902,7826,8268.5,9573.666667,10667.66667,94850,참좋은여행
2018-11-12,7990,7990,7550,7570,77843,-0.042983565,7848,7822,8178.5,9533.166667,10623.66667,94850,참좋은여행
2018-11-13,7550,7570,7330,7410,56716,-0.021136063,7758,7801,8080,9495.833333,10579.58333,94850,참좋은여행
2018-11-14,7410,7670,7350,7460,81718,0.006747638,7674,7772,7999.5,9453.5,10535.5,94850,참좋은여행
2018-11-15,7670,8050,7460,7880,151774,0.056300268,7646,7786,7952.5,9417.333333,10495.33333,94850,참좋은여행
2018-11-16,8380,9090,8200,8540,708028,0.083756345,7772,7837,7937,9389.666667,10461.08333,94850,참좋은여행
2018-11-19,8570,8880,8540,8580,96499,0.004683841,7974,7911,7928.5,9366,10428,94850,참좋은여행
2018-11-20,8490,8760,8200,8570,69671,-0.001165501,8206,7982,7931.5,9340.5,10395.66667,94850,참좋은여행
2018-11-21,8410,8800,8370,8750,102947,0.021003501,8464,8069,7954,9318.833333,10365.25,94850,참좋은여행
2018-11-22,8750,8880,8660,8700,37651,-0.005714286,8628,8137,7985.5,9297.166667,10336.5,94850,참좋은여행
2018-11-23,8700,8780,8500,8500,32783,-0.022988506,8620,8196,8011,9269.666667,10304.41667,94850,참좋은여행
2018-11-26,8470,8690,8470,8630,32492,0.015294118,8630,8302,8062,9246.833333,10272.16667,94850,참좋은여행
2018-11-27,8580,8730,8580,8720,24463,0.010428737,8660,8433,8117,9219.666667,10235.66667,94850,참좋은여행
2018-11-28,8750,8790,8630,8700,31293,-0.002293578,8650,8557,8164.5,9192.166667,10195.66667,94850,참좋은여행
2018-11-29,8770,8820,8470,8490,63385,-0.024137931,8608,8618,8202,9156.166667,10154.75,94850,참좋은여행
2018-11-30,8490,8650,8400,8420,15817,-0.008244994,8592,8606,8221.5,9119,10112.41667,94850,참좋은여행
2018-12-03,8450,8630,8400,8450,65628,0.003562945,8556,8593,8252,9085.666667,10071.16667,94850,참좋은여행
2018-12-04,8440,8520,8400,8450,25967,0,8502,8581,8281.5,9048.166667,10033.66667,94850,참좋은여행
2018-12-05,8350,8450,8330,8380,16753,-0.008284024,8438,8544,8306.5,9014.5,9994.75,94850,참좋은여행
2018-12-06,8340,8450,8070,8110,31778,-0.03221957,8362,8485,8311,8975.5,9951.5,94850,참좋은여행
2018-12-07,8130,8270,8080,8180,8728,0.008631319,8314,8453,8324.5,8941,9909.666667,94850,참좋은여행
2018-12-10,8060,8180,7890,7970,8430,-0.025672372,8218,8387,8344.5,8904.666667,9869,94850,참좋은여행
2018-12-11,8010,8050,7800,7960,27354,-0.001254705,8120,8311,8372,8868.166667,9834.083333,94850,참좋은여행
2018-12-12,7950,8200,7890,8200,51576,0.030150754,8084,8261,8409,8831.5,9804.083333,94850,참좋은여행
2018-12-13,8140,8200,8040,8090,12005,-0.013414634,8080,8221,8419.5,8791.333333,9769,94850,참좋은여행
2018-12-14,8090,8140,7860,7940,32215,-0.018541409,8032,8173,8389.5,8743.666667,9732.25,94850,참좋은여행
2018-12-17,7940,7990,7880,7950,20107,0.001259446,8028,8123,8358,8700.333333,9697.666667,94850,참좋은여행
2018-12-18,7950,7950,7650,7680,55745,-0.033962264,7972,8046,8313.5,8651.666667,9661.666667,94850,참좋은여행
2018-12-19,7680,7800,7640,7720,18724,0.005208333,7876,7980,8262,8604.5,9623.916667,94850,참좋은여행
2018-12-20,7720,7740,7590,7590,35929,-0.016839378,7776,7928,8206.5,8556,9587.166667,94850,참좋은여행
2018-12-21,7540,7710,7540,7540,34668,-0.006587615,7696,7864,8158.5,8509.166667,9552.916667,94850,참좋은여행
2018-12-24,7660,7680,7510,7680,21938,0.018567639,7642,7835,8111,8459.666667,9519.416667,94850,참좋은여행
2018-12-26,7540,7850,7540,7830,28781,0.01953125,7672,7822,8066.5,8413.5,9490.916667,94850,참좋은여행
2018-12-27,7800,7840,7720,7770,22539,-0.007662835,7682,7779,8020,8367.166667,9463.166667,94850,참좋은여행
2018-12-28,7770,7980,7630,7880,26608,0.014157014,7740,7758,7989.5,8330.166667,9435.5,94850,참좋은여행
2019-01-02,7890,8080,7880,7910,23221,0.003807107,7814,7755,7964,8295.5,9409.75,94850,참좋은여행
2019-01-03,7910,7940,7600,7700,15005,-0.026548673,7818,7730,7926.5,8254.666667,9380.166667,94850,참좋은여행
2019-01-04,7700,7980,7520,7930,41010,0.02987013,7838,7755,7900.5,8217.666667,9354.166667,94850,참좋은여행
2019-01-07,8180,8350,8060,8320,121082,0.049180328,7948,7815,7897.5,8193,9326.416667,94850,참좋은여행
2019-01-08,8470,8470,8220,8220,42151,-0.012019231,8016,7878,7903,8179.5,9299.5,94850,참좋은여행
2019-01-09,8250,8500,8250,8400,50975,0.02189781,8114,7964,7914,8169,9275.333333,94850,참좋은여행
2019-01-10,8410,8470,8300,8420,24742,0.002380952,8258,8038,7936.5,8153.166667,9250.083333,94850,참좋은여행
2019-01-11,8510,8510,8310,8380,24460,-0.004750594,8348,8093,7957.5,8136.5,9226.583333,94850,참좋은여행
2019-01-14,8390,8390,8270,8310,31416,-0.008353222,8346,8147,7963,8123.833333,9202.5,94850,참좋은여행
2019-01-15,8300,8550,8290,8500,53470,0.022864019,8402,8209,7983.5,8118.5,9180.416667,94850,참좋은여행
2019-01-16,8500,8650,8430,8600,33295,0.011764706,8442,8278,8016.5,8114.333333,9162.083333,94850,참좋은여행
2019-01-17,8670,8690,8520,8540,25382,-0.006976744,8466,8362,8046,8110.833333,9142.416667,94850,참좋은여행
2019-01-18,8610,8880,8540,8750,68940,0.024590164,8540,8444,8099.5,8114.833333,9126.583333,94850,참좋은여행
2019-01-21,8870,9140,8800,9110,97620,0.041142857,8700,8523,8169,8128.333333,9112.916667,94850,참좋은여행
2019-01-22,9120,9210,8880,9020,84288,-0.009879254,8804,8603,8240.5,8144.166667,9096.833333,94850,참좋은여행
2019-01-23,9020,9070,8840,9000,42309,-0.002217295,8884,8663,8313.5,8161,9081,94850,참좋은여행
2019-01-24,9000,9100,8900,9100,76382,0.011111111,8996,8731,8384.5,8185.833333,9066.833333,94850,참좋은여행
2019-01-25,9100,9360,9000,9250,146389,0.016483516,9096,8818,8455.5,8213,9055.583333,94850,참좋은여행
2019-01-28,9360,9360,9000,9010,122062,-0.025945946,9076,8888,8517.5,8234,9043.166667,94850,참좋은여행
2019-01-29,8920,9170,8920,9030,42910,0.002219756,9078,8941,8575,8255.5,9029.666667,94850,참좋은여행
2019-01-30,9200,9430,8990,8990,179109,-0.004429679,9076,8980,8629,8271.5,9019.583333,94850,참좋은여행
2019-01-31,9020,9120,8770,8830,73785,-0.017797553,9022,9009,8685.5,8288,9007.333333,94850,참좋은여행
2019-02-01,8840,8920,8700,8880,50964,0.005662514,8948,9022,8733,8305,8995.5,94850,참좋은여행
2019-02-07,8880,8950,8870,8880,39054,0,8922,8999,8761,8321.666667,8984.083333,94850,참좋은여행
2019-02-08,8850,8950,8770,8930,21088,0.005630631,8902,8990,8796.5,8336.833333,8973.916667,94850,참좋은여행
2019-02-11,8930,8930,8790,8930,39909,0,8890,8983,8823,8353.833333,8963.75,94850,참좋은여행
2019-02-12,9160,9210,9010,9120,126220,0.021276596,8948,8985,8858,8379.666667,8956.416667,94850,참좋은여행
2019-02-13,9130,9210,9050,9200,74056,0.00877193,9012,8980,8899,8409.5,8952.666667,94850,참좋은여행
2019-02-14,9250,9250,9050,9190,64412,-0.001086957,9074,8998,8943,8438.333333,8945.916667,94850,참좋은여행
2019-02-15,9150,9210,8980,8990,78520,-0.021762786,9086,8994,8967.5,8456.833333,8937.083333,94850,참좋은여행
2019-02-18,9020,9140,9010,9120,49066,0.014460512,9124,9007,8993.5,8466.5,8928.083333,94850,참좋은여행
2019-02-19,9030,9240,9030,9200,46323,0.00877193,9140,9044,9026.5,8476.833333,8921.416667,94850,참좋은여행
2019-02-20,9260,9270,9180,9250,55123,0.005434783,9150,9081,9051.5,8488.166667,8914.333333,94850,참좋은여행
2019-02-21,9280,9400,9190,9300,64085,0.005405405,9172,9123,9061,8497.333333,8908.083333,94850,참좋은여행
2019-02-22,9300,9340,9000,9110,48183,-0.020430108,9196,9141,9065.5,8504.166667,8900.666667,94850,참좋은여행
2019-02-25,9160,9160,8930,9050,46766,-0.006586169,9182,9153,9068,8513.333333,8891.5,94850,참좋은여행
2019-02-26,9060,9180,9010,9170,47897,0.013259669,9176,9158,9071.5,8522.333333,8884.583333,94850,참좋은여행
2019-02-27,9160,9280,9160,9280,45472,0.011995638,9182,9166,9073,8531.666667,8875.666667,94850,참좋은여행
2019-02-28,9170,9330,8960,9050,72734,-0.024784483,9132,9152,9075,8537.5,8864.833333,94850,참좋은여행
2019-03-04,9050,9150,9010,9140,47473,0.009944751,9138,9167,9080.5,8548.333333,8852.25,94850,참좋은여행
2019-03-05,9070,9100,8900,8970,68280,-0.018599562,9122,9152,9079.5,8557.5,8838.25,94850,참좋은여행
2019-03-06,8970,9030,8800,8850,54560,-0.013377926,9058,9117,9080.5,8564.166667,8824.916667,94850,참좋은여행
2019-03-07,8850,9210,8790,8800,77723,-0.005649718,8962,9072,9076.5,8570,8809.083333,94850,참좋은여행
2019-03-08,8730,8850,8690,8830,23857,0.003409091,8918,9025,9074,8577.5,8796,94850,참좋은여행
2019-03-11,8850,8920,8410,8640,59413,-0.021517554,8818,8978,9059.5,8586.333333,8780.916667,94850,참좋은여행
2019-03-12,8750,8750,8370,8490,132971,-0.017361111,8722,8922,9037.5,8591.5,8766.25,94850,참좋은여행
2019-03-13,8490,8650,8350,8640,31241,0.017667845,8680,8869,9013.5,8602.666667,8753.666667,94850,참좋은여행
2019-03-14,8690,8890,8680,8810,28611,0.019675926,8682,8822,8994,8616.833333,8742.5,94850,참좋은여행
2019-03-15,8830,8900,8700,8830,22158,0.002270148,8682,8800,8976,8627.333333,8729.416667,94850,참좋은여행
2019-03-18,8870,9090,8870,9060,58042,0.026047565,8766,8792,8979.5,8643.5,8717.416667,94850,참좋은여행
2019-03-19,9110,9130,8930,8940,26562,-0.013245033,8856,8789,8970.5,8660.166667,8701.916667,94850,참좋은여행
2019-03-20,8940,8940,8750,8780,22486,-0.017897092,8884,8782,8949.5,8674,8687.166667,94850,참좋은여행
2019-03-21,8850,8900,8650,8740,22241,-0.004555809,8870,8776,8924,8691.666667,8671.666667,94850,참좋은여행
2019-03-22,8760,8870,8700,8760,12604,0.00228833,8856,8769,8897,8709,8656.75,94850,참좋은여행
2019-03-25,8510,8720,8510,8540,19651,-0.025114155,8752,8759,8868.5,8724.833333,8640.416667,94850,참좋은여행
2019-03-26,8610,8750,8530,8580,11990,0.004683841,8680,8768,8845,8742.166667,8625.666667,94850,참좋은여행
2019-03-27,8780,8780,8560,8560,7314,-0.002331002,8636,8760,8814.5,8756.833333,8608.25,94850,참좋은여행
2019-03-28,8550,8550,8460,8460,18248,-0.011682243,8580,8725,8773.5,8767.333333,8590.416667,94850,참좋은여행
2019-03-29,8400,8580,8310,8400,18421,-0.007092199,8508,8682,8741,8777.833333,8572.5,94850,참좋은여행
2019-04-01,8410,8560,8220,8390,53356,-0.001190476,8478,8615,8703.5,8786.333333,8558.25,94850,참좋은여행
2019-04-02,8340,8390,8300,8330,11687,-0.007151371,8428,8554,8671.5,8793.333333,8544.416667,94850,참좋은여행
2019-04-03,8420,8420,8240,8290,34911,-0.004801921,8374,8505,8643.5,8803.166667,8528.916667,94850,참좋은여행
2019-04-04,8290,8290,8200,8200,52545,-0.010856454,8322,8451,8613.5,8807.666667,8512.666667,94850,참좋은여행
2019-04-05,8300,8300,8110,8130,44846,-0.008536585,8268,8388,8578.5,8804.5,8498.75,94850,참좋은여행
2019-04-08,8140,8240,8120,8140,32102,0.001230012,8218,8348,8553.5,8803.166667,8491.333333,94850,참좋은여행
2019-04-09,8210,8220,8140,8200,23099,0.007371007,8192,8310,8539,8799.833333,8484.416667,94850,참좋은여행
2019-04-10,8160,8360,8160,8340,31194,0.017073171,8202,8288,8524,8798.5,8475.833333,94850,참좋은여행
2019-04-11,8340,8380,8300,8330,35359,-0.001199041,8228,8275,8500,8797.666667,8467.083333,94850,참좋은여행
2019-04-12,8360,8390,8280,8330,32847,0,8268,8268,8475,8798,8460.916667,94850,참좋은여행
2019-04-15,8340,8480,8330,8350,97292,0.00240096,8310,8264,8439.5,8795.5,8457,94850,참좋은여행
2019-04-16,8410,8410,8050,8230,61309,-0.014371257,8316,8254,8404,8789.333333,8451.833333,94850,참좋은여행
2019-04-17,8180,8310,8160,8300,126320,0.008505468,8308,8255,8380,8785.333333,8448.083333,94850,참좋은여행
2019-04-18,8370,8370,8190,8210,51230,-0.010843373,8284,8256,8353.5,8776.333333,8445.583333,94850,참좋은여행
2019-04-19,8210,8310,8170,8240,35336,0.00365408,8266,8267,8327.5,8761.833333,8445.083333,94850,참좋은여행
2019-04-22,8320,8330,8230,8310,34808,0.008495146,8258,8284,8316,8750,8447.083333,94850,참좋은여행
2019-04-23,8370,8390,8270,8350,36613,0.004813478,8282,8299,8304.5,8739.166667,8450.083333,94850,참좋은여행
2019-04-24,8390,8390,8310,8310,32855,-0.004790419,8284,8296,8292,8726,8455.916667,94850,참좋은여행
2019-04-25,8250,8310,8170,8170,31336,-0.016847172,8276,8280,8277.5,8708,8460.5,94850,참좋은여행
2019-04-26,8180,8240,8070,8150,32962,-0.00244798,8258,8262,8265,8693.666667,8463.833333,94850,참좋은여행
2019-04-29,8120,8210,8110,8140,23008,-0.001226994,8224,8241,8252.5,8678.833333,8467.166667,94850,참좋은여행
2019-04-30,8140,8210,8140,8200,11641,0.007371007,8194,8238,8246,8665.666667,8468.583333,94850,참좋은여행
2019-05-02,8230,8250,8150,8200,21690,0,8172,8228,8241.5,8655.166667,8471.583333,94850,참좋은여행
2019-05-03,8190,8310,8170,8210,23420,0.001219512,8180,8228,8242,8644,8474.5,94850,참좋은여행
2019-05-07,8200,8200,8070,8110,50570,-0.012180268,8172,8215,8241,8631.166667,8476.416667,94850,참좋은여행
2019-05-08,8020,8100,8010,8030,26381,-0.009864365,8150,8187,8235.5,8616.166667,8476.5,94850,참좋은여행
2019-05-09,8030,8090,7680,7830,105339,-0.0249066,8076,8135,8217,8597.833333,8475.833333,94850,참좋은여행
2019-05-10,7950,7960,7750,7870,94503,0.005108557,8010,8091,8193.5,8577,8478.333333,94850,참좋은여행
2019-05-13,7990,7990,7720,7810,52438,-0.007623888,7930,8055,8167.5,8553.833333,8481.666667,94850,참좋은여행
2019-05-14,7650,7880,7310,7820,53408,0.00128041,7872,8022,8142,8531,8484.666667,94850,참좋은여행
2019-05-15,7810,7920,7740,7870,52872,0.006393862,7840,7995,8118,8512.333333,8484.583333,94850,참좋은여행
2019-05-16,7930,7930,7700,7830,30732,-0.005082592,7840,7958,8098,8490.833333,8478.666667,94850,참좋은여행
2019-05-17,7790,7940,7670,7760,54561,-0.008939974,7818,7914,8071,8466.833333,8471.833333,94850,참좋은여행
2019-05-20,7800,7800,7550,7550,38819,-0.027061856,7766,7848,8038,8438.5,8463.333333,94850,참좋은여행
2019-05-21,7550,7800,7520,7610,14593,0.00794702,7724,7798,8006.5,8410.333333,8453.833333,94850,참좋은여행
2019-05-22,7590,7680,7510,7590,21487,-0.002628121,7668,7754,7970.5,8385,8444.583333,94850,참좋은여행
2019-05-23,7500,7640,7500,7610,15063,0.002635046,7624,7732,7933.5,8361,8437.166667,94850,참좋은여행
2019-05-24,7740,7740,7300,7330,85005,-0.036793693,7538,7678,7884.5,8330.333333,8426.333333,94850,참좋은여행
2019-05-27,7340,7350,7080,7150,55353,-0.024556617,7458,7612,7833.5,8294.833333,8413.25,94850,참좋은여행
2019-05-28,7250,7440,7060,7350,42763,0.027972028,7406,7565,7793.5,8266.5,8402,94850,참좋은여행
2019-05-29,7400,7500,7340,7340,20690,-0.001360544,7356,7512,7753.5,8236.5,8392.416667,94850,참좋은여행
2019-05-30,6850,7200,6670,6920,805010,-0.057220708,7218,7421,7689.5,8202.333333,8379.916667,94850,참좋은여행
2019-05-31,6850,6890,6540,6860,367244,-0.00867052,7124,7331,7622.5,8169.166667,8366.666667,94850,참좋은여행
2019-06-03,6740,6830,6640,6700,404624,-0.023323615,7034,7246,7547,8134.166667,8352.083333,94850,참좋은여행
2019-06-04,6700,6730,6600,6680,464131,-0.002985075,6900,7153,7475.5,8098.333333,8337.916667,94850,참좋은여행
2019-06-05,6680,6920,6670,6850,294802,0.025449102,6802,7079,7416.5,8068.5,8327.416667,94850,참좋은여행
2019-06-07,6900,7330,6750,7220,346623,0.054014599,6862,7040,7386,8047.333333,8319.416667,94850,참좋은여행
2019-06-10,7530,7770,7410,7640,483321,0.058171745,7018,7071,7374.5,8030.666667,8316.666667,94850,참좋은여행
2019-06-11,7640,7680,7500,7630,122096,-0.001308901,7204,7119,7365.5,8011,8313.916667,94850,참좋은여행
2019-06-12,7670,7750,7620,7690,102230,0.007863696,7406,7153,7359,7992,8309.666667,94850,참좋은여행
2019-06-13,7690,7780,7590,7720,97846,0.00390117,7580,7191,7351.5,7969.666667,8306.583333,94850,참좋은여행
2019-06-14,7850,7850,7590,7640,61765,-0.010362694,7664,7263,7342,7948,8304.083333,94850,참좋은여행
2019-06-17,7640,7640,7460,7480,85305,-0.020942408,7632,7325,7328,7926.333333,8300.166667,94850,참좋은여행
2019-06-18,7450,7630,7420,7480,49415,0,7602,7403,7324.5,7905.333333,8298.5,94850,참좋은여행
2019-06-19,7490,7560,7350,7540,54212,0.00802139,7572,7489,7321,7885,8297,94850,참좋은여행
2019-06-20,7530,7590,7440,7550,45308,0.00132626,7538,7559,7319,7868.5,8296.666667,94850,참좋은여행
2019-06-21,7550,7550,7390,7420,77468,-0.017218543,7494,7579,7309.5,7849.166667,8295.666667,94850,참좋은여행
2019-06-24,7530,7530,7340,7420,34442,0,7482,7557,7314,7830.166667,8293.5,94850,참좋은여행
2019-06-25,7480,7480,7270,7320,36160,-0.013477089,7450,7526,7322.5,7811.166667,8289.25,94850,참좋은여행
2019-06-26,7360,7360,7030,7170,46625,-0.020491803,7376,7474,7313.5,7790.666667,8284.25,94850,참좋은여행
2019-06-27,7170,7210,7100,7150,48515,-0.0027894,7296,7417,7304,7770,8278.166667,94850,참좋은여행
2019-06-28,7130,7180,6980,6990,66372,-0.022377622,7210,7352,7307.5,7747.666667,8270.5,94850,참좋은여행
2019-07-01,7000,7270,7000,7170,59485,0.025751073,7160,7321,7323,7729,8266.083333,94850,참좋은여행
2019-07-02,7200,7200,7110,7160,30924,-0.0013947,7128,7289,7346,7711.666667,8259.666667,94850,참좋은여행
2019-07-03,7100,7130,7020,7030,32111,-0.018156425,7100,7238,7363.5,7693.333333,8248.916667,94850,참좋은여행
2019-07-04,7030,7100,6900,6950,58723,-0.011379801,7060,7178,7368.5,7673.5,8238.333333,94850,참좋은여행
2019-07-05,6950,7040,6870,7040,41459,0.01294964,7070,7140,7359.5,7654.166667,8227,94850,참좋은여행
2019-07-08,7030,7040,6910,6920,74679,-0.017045455,7020,7090,7323.5,7630.5,8214.5,94850,참좋은여행
2019-07-09,6870,7570,6870,7150,85925,0.033236994,7018,7073,7299.5,7610.833333,8204.25,94850,참좋은여행
2019-07-10,7020,7170,7000,7010,25210,-0.01958042,7014,7057,7265.5,7588.833333,8193.416667,94850,참좋은여행
2019-07-11,7200,7200,6950,7040,42831,0.004279601,7032,7046,7231.5,7567,8181.25,94850,참좋은여행
2019-07-12,7040,7040,6900,6980,36488,-0.008522727,7020,7045,7198.5,7546.166667,8167.75,94850,참좋은여행
2019-07-15,6960,7010,6900,6960,33221,-0.00286533,7028,7024,7172.5,7523.833333,8154.583333,94850,참좋은여행
2019-07-16,6960,7010,6900,6920,22755,-0.005747126,6982,7000,7144.5,7502.333333,8139.333333,94850,참좋은여행
2019-07-17,6910,6950,6780,6840,30714,-0.011560694,6948,6981,7109.5,7479,8120.416667,94850,참좋은여행
2019-07-18,6840,6880,6790,6800,14360,-0.005847953,6900,6966,7072,7453.833333,8101.916667,94850,참좋은여행
2019-07-19,6800,6930,6790,6890,12192,0.013235294,6882,6951,7045.5,7429.5,8084.333333,94850,참좋은여행
2019-07-22,6890,6930,6790,6880,25650,-0.001451379,6866,6947,7018.5,7405.666667,8065.833333,94850,참좋은여행
2019-07-23,6930,6930,6780,6800,20490,-0.011627907,6842,6912,6992.5,7382.833333,8045.416667,94850,참좋은여행
2019-07-24,6800,6890,6790,6830,26748,0.004411765,6840,6894,6975.5,7360.833333,8027.25,94850,참좋은여행
2019-07-25,6830,6950,6600,6700,47843,-0.019033675,6820,6860,6953,7336.833333,8007.833333,94850,참좋은여행
2019-07-26,6660,6730,6600,6620,33642,-0.011940299,6766,6824,6934.5,7310.5,7988.083333,94850,참좋은여행
2019-07-29,6620,6640,6300,6340,53546,-0.042296073,6658,6762,6893,7279.5,7967.333333,94850,참좋은여행
2019-07-30,6340,6470,6250,6300,31800,-0.006309148,6558,6700,6850,7247.666667,7945.833333,94850,참좋은여행
2019-07-31,6240,6350,6160,6290,41280,-0.001587302,6450,6645,6813,7217.333333,7924.25,94850,참좋은여행
2019-08-01,6190,6450,6190,6260,66575,-0.004769475,6362,6591,6778.5,7187.833333,7902,94850,참좋은여행
2019-08-02,6100,6340,6100,6200,71893,-0.009584665,6278,6522,6736.5,7160.666667,7879.25,94850,참좋은여행
2019-08-05,6090,6200,5800,5830,84289,-0.059677419,6176,6417,6682,7126.666667,7851.833333,94850,참좋은여행
2019-08-06,5620,6010,5590,5770,89463,-0.010291595,6070,6314,6613,7092.666667,7823.25,94850,참좋은여행
2019-08-07,5690,6010,5630,5760,79488,-0.001733102,5964,6207,6550.5,7058.333333,7794.666667,94850,참좋은여행
2019-08-08,5780,6040,5780,5930,117328,0.029513889,5898,6130,6495,7026,7769.166667,94850,참좋은여행
2019-08-09,5920,6060,5920,6060,35673,0.021922428,5870,6074,6449,6996.5,7743.666667,94850,참좋은여행
2019-08-12,5970,6050,5890,5920,39191,-0.02310231,5888,6032,6397,6965.833333,7716.333333,94850,참좋은여행
2019-08-13,5820,5970,5820,5920,12844,0,5918,5994,6347,6938.666667,7688.583333,94850,참좋은여행
2019-08-14,5970,6010,5890,5910,20811,-0.001689189,5948,5956,6300.5,6910.333333,7660.333333,94850,참좋은여행
2019-08-16,5910,5910,5700,5710,42367,-0.033840948,5904,5901,6246,6879,7632,94850,참좋은여행
2019-08-19,5880,5880,5720,5770,32554,0.010507881,5846,5858,6190,6848.333333,7604.666667,94850,참좋은여행
2019-08-20,5830,5850,5730,5740,35632,-0.005199307,5810,5849,6133,6821.833333,7576.083333,94850,참좋은여행
2019-08-21,5840,6040,5710,5990,67041,0.043554007,5824,5871,6092.5,6802.5,7548.666667,94850,참좋은여행
2019-08-22,6070,6070,5920,5990,41770,0,5840,5894,6050.5,6779.833333,7523.166667,94850,참좋은여행
2019-08-23,5910,5920,5820,5920,54824,-0.011686144,5882,5893,6011.5,6756.166667,7496.333333,94850,참좋은여행
2019-08-26,5920,5920,5680,5700,47352,-0.037162162,5868,5857,5965.5,6735.833333,7469.083333,94850,참좋은여행
2019-08-27,5800,5810,5710,5730,25579,0.005263158,5866,5838,5935,6717,7443.083333,94850,참좋은여행
2019-08-28,5770,5790,5700,5780,312259,0.008726003,5824,5824,5909,6701.666667,7417.916667,94850,참좋은여행
2019-08-29,5800,5840,5750,5780,24206,0,5782,5811,5883.5,6686.666667,7392.5,94850,참좋은여행
2019-08-30,5830,5950,5800,5840,68497,0.010380623,5766,5824,5862.5,6669.833333,7369.166667,94850,참좋은여행
2019-09-02,5940,5940,5830,5840,37298,0,5794,5831,5844.5,6646.833333,7347.083333,94850,참좋은여행
2019-09-03,5850,5990,5820,5870,149818,0.005136986,5822,5844,5846.5,6617.333333,7324,94850,참좋은여행
2019-09-04,5870,5940,5830,5940,21637,0.011925043,5854,5839,5855,6589.166667,7300.083333,94850,참좋은여행
2019-09-05,6010,6040,5940,6020,34403,0.013468013,5902,5842,5868,6561.333333,7276.666667,94850,참좋은여행
2019-09-06,6050,6260,6030,6250,93219,0.03820598,5984,5875,5884,6536.833333,7253.25,94850,참좋은여행
2019-09-09,6160,6290,6090,6120,47499,-0.0208,6040,5917,5887,6511.5,7229.75,94850,참좋은여행
2019-09-10,6050,6280,6050,6250,29202,0.02124183,6116,5969,5903.5,6491,7208.666667,94850,참좋은여행
2019-09-11,6270,6360,6160,6320,34631,0.0112,6192,6023,5923.5,6471.666667,7188.5,94850,참좋은여행
2019-09-16,6300,6440,6260,6390,75509,0.011075949,6266,6084,5947.5,6452.5,7168.75,94850,참좋은여행
2019-09-17,6370,6370,6050,6310,31605,-0.012519562,6278,6131,5977.5,6431.833333,7150.166667,94850,참좋은여행
2019-09-18,6340,6370,6300,6300,18568,-0.001584786,6314,6177,6004,6413.166667,7131.166667,94850,참좋은여행
2019-09-19,6410,6410,6280,6280,18200,-0.003174603,6320,6218,6031,6394.166667,7112.166667,94850,참좋은여행
2019-09-20,6390,6390,6200,6210,27697,-0.011146497,6298,6245,6042,6375.666667,7093.416667,94850,참좋은여행
2019-09-23,6210,6310,6140,6230,28506,0.003220612,6266,6266,6054,6360,7075.333333,94850,참좋은여행
2019-09-24,6290,6300,6230,6240,21387,0.001605136,6252,6265,6070,6344.833333,7057.416667,94850,참좋은여행
2019-09-25,6240,6290,6170,6180,26747,-0.009615385,6228,6271,6094,6331.333333,7039.5,94850,참좋은여행
2019-09-26,6250,6300,6110,6140,26440,-0.006472492,6200,6260,6114.5,6314.166667,7021.583333,94850,참좋은여행
2019-09-27,6220,6220,5950,6140,24499,0,6186,6242,6132.5,6297.166667,7004.416667,94850,참좋은여행
2019-09-30,6140,6140,6040,6120,20266,-0.003257329,6164,6215,6149.5,6282,6987.666667,94850,참좋은여행
2019-10-01,6140,6190,6000,6100,36775,-0.003267974,6136,6194,6162.5,6267.833333,6970.666667,94850,참좋은여행
2019-10-02,6050,6090,5900,5940,45187,-0.026229508,6088,6158,6167.5,6249.5,6951.833333,94850,참좋은여행
2019-10-04,5940,6000,5880,5900,22880,-0.006734007,6040,6120,6169,6232.5,6931.5,94850,참좋은여행
2019-10-07,5900,5980,5800,5850,41424,-0.008474576,5982,6084,6164.5,6210.833333,6910.833333,94850,참좋은여행
2019-10-08,5850,5920,5780,5850,37206,0,5928,6046,6156,6191.5,6890.166667,94850,참좋은여행
2019-10-10,5850,5870,5790,5810,23937,-0.006837607,5870,6003,6134,6171,6869,94850,참좋은여행
2019-10-11,5820,5890,5770,5820,37435,0.00172117,5846,5967,6119,6151.666667,6848.916667,94850,참좋은여행
2019-10-14,5880,6100,5850,6080,95164,0.04467354,5882,5961,6110.5,6137,6830.416667,94850,참좋은여행
2019-10-15,6120,6120,5960,6010,58685,-0.011513158,5914,5948,6095,6121.833333,6812.083333,94850,참좋은여행
2019-10-16,6010,6060,5940,5990,37330,-0.003327787,5942,5935,6075,6107.666667,6793.333333,94850,참좋은여행
2019-10-17,6040,6050,5970,6000,18408,0.001669449,5980,5925,6059.5,6094.333333,6774.083333,94850,참좋은여행
2019-10-18,6060,6060,5990,6030,17565,0.005,6022,5934,6046,6080,6754.75,94850,참좋은여행
2019-10-21,6030,6150,5980,6150,38303,0.019900498,6036,5959,6039.5,6067.833333,6736.75,94850,참좋은여행
2019-10-22,6150,6180,6070,6140,37437,-0.001626016,6062,5988,6036,6056.833333,6719.833333,94850,참좋은여행
2019-10-23,6160,6160,6070,6110,30727,-0.004885993,6086,6014,6030,6044.833333,6702.833333,94850,참좋은여행
2019-10-24,6110,6110,5980,6050,33829,-0.009819967,6096,6038,6020.5,6034,6685.416667,94850,참좋은여행
2019-10-25,6050,6120,5950,5970,32407,-0.01322314,6084,6053,6010,6023.166667,6666.833333,94850,참좋은여행
2019-10-28,6010,6110,5960,5980,70110,0.001675042,6050,6043,6002,6017.166667,6648.333333,94850,참좋은여행
2019-10-29,7000,7340,6100,6190,1386589,0.035117057,6060,6061,6004.5,6015.333333,6631.5,94850,참좋은여행
2019-10-30,6190,6230,6050,6120,186177,-0.011308562,6062,6074,6004.5,6012.5,6614.916667,94850,참좋은여행
2019-10-31,6160,6160,6050,6110,116231,-0.001633987,6074,6085,6005,6010,6598.916667,94850,참좋은여행
2019-11-01,6070,6150,6050,6150,83659,0.006546645,6110,6097,6015.5,6009.166667,6584.916667,94850,참좋은여행
2019-11-04,6350,6450,6210,6400,304882,0.040650407,6194,6122,6040.5,6018.666667,6572.666667,94850,참좋은여행
2019-11-05,6420,6430,6270,6340,117252,-0.009375,6224,6142,6065,6028.166667,6560.416667,94850,참좋은여행
2019-11-06,6350,6430,6300,6340,57374,0,6268,6165,6089.5,6037.833333,6548.083333,94850,참좋은여행
2019-11-07,6370,6390,6310,6330,63269,-0.001577287,6312,6193,6115.5,6044.5,6535.25,94850,참좋은여행
2019-11-08,6380,6390,6300,6350,50566,0.003159558,6352,6231,6142,6049.333333,6522.916667,94850,참좋은여행
2019-11-11,6330,6370,6230,6300,26705,-0.007874016,6332,6263,6153,6055.666667,6510.75,94850,참좋은여행
2019-11-12,6310,6310,6150,6280,42877,-0.003174603,6320,6272,6166.5,6061.666667,6500.166667,94850,참좋은여행
2019-11-13,6300,6320,6200,6260,33470,-0.003184713,6304,6286,6180,6067.5,6488.916667,94850,참좋은여행
2019-11-14,6270,6310,6190,6290,45619,0.004792332,6296,6304,6194.5,6077.166667,6478.083333,94850,참좋은여행
2019-11-15,6300,6350,6270,6300,54759,0.001589825,6286,6319,6208,6086,6467.166667,94850,참좋은여행
2019-11-18,6320,6490,6320,6490,91073,0.03015873,6324,6328,6225,6098.5,6460.166667,94850,참좋은여행
2019-11-19,6400,6610,6350,6590,94233,0.01540832,6386,6353,6247.5,6108.5,6455.5,94850,참좋은여행
2019-11-20,6600,6600,6200,6470,135696,-0.018209408,6428,6366,6265.5,6116.5,6448.166667,94850,참좋은여행
2019-11-21,6500,6500,6240,6280,74187,-0.029366306,6426,6361,6277,6122.5,6439.333333,94850,참좋은여행
2019-11-22,6280,6390,6250,6310,45841,0.00477707,6428,6357,6294,6132.666667,6434.25,94850,참좋은여행
2019-11-25,6450,6480,6310,6390,55434,0.012678288,6408,6366,6314.5,6143.666667,6430.333333,94850,참좋은여행
2019-11-26,6390,6460,6350,6460,41851,0.010954617,6382,6384,6328,6155,6428.333333,94850,참좋은여행
2019-11-27,6470,6950,6370,6400,319413,-0.009287926,6368,6398,6342,6165.333333,6426,94850,참좋은여행
2019-11-28,6380,6530,6300,6440,60883,0.00625,6400,6413,6358.5,6175.333333,6422.583333,94850,참좋은여행
2019-11-29,6450,6670,6440,6600,155623,0.02484472,6458,6443,6381,6188,6417.416667,94850,참좋은여행
2019-12-02,6570,6670,6520,6590,64212,-0.001515152,6498,6453,6390.5,6200,6408.666667,94850,참좋은여행
2019-12-03,6590,6630,6440,6630,43948,0.006069803,6532,6457,6405,6211.5,6400.333333,94850,참좋은여행
2019-12-04,6630,6670,6430,6480,41635,-0.022624434,6548,6458,6412,6219.166667,6390.25,94850,참좋은여행
2019-12-05,6490,6590,6460,6580,63528,0.015432099,6576,6488,6424.5,6224.666667,6380.75,94850,참좋은여행
2019-12-06,6580,6820,6560,6560,116311,-0.003039514,6568,6513,6435,6232,6371.75,94850,참좋은여행
2019-12-09,6550,6600,6450,6450,47611,-0.016768293,6540,6519,6442.5,6235.333333,6363.166667,94850,참좋은여행
2019-12-10,6440,6470,6320,6370,37117,-0.012403101,6488,6510,6447,6236.166667,6353.916667,94850,참좋은여행
2019-12-11,6380,6400,6310,6380,26663,0.001569859,6468,6508,6453,6236,6344.25,94850,참좋은여행
2019-12-12,6380,6450,6370,6390,15100,0.001567398,6430,6503,6458,6237.333333,6334.583333,94850,참좋은여행
2019-12-13,6390,6520,6390,6450,49261,0.009389671,6408,6488,6465.5,6239.833333,6326.5,94850,참좋은여행
2019-12-16,6510,6570,6500,6510,30184,0.009302326,6420,6480,6466.5,6243.666667,6318.916667,94850,참좋은여행
2019-12-17,6520,6630,6520,6560,41438,0.007680492,6458,6473,6465,6249.5,6312.583333,94850,참좋은여행
2019-12-18,6560,6630,6530,6560,29068,0,6494,6481,6469.5,6255,6307.5,94850,참좋은여행
2019-12-19,6570,6620,6550,6590,23156,0.004573171,6534,6482,6485,6260.833333,6302.833333,94850,참좋은여행
2019-12-20,6590,6680,6560,6660,42258,0.010622155,6576,6492,6502.5,6268.833333,6300.083333,94850,참좋은여행
2019-12-23,6680,6760,6620,6690,68485,0.004504505,6612,6516,6517.5,6278,6296.083333,94850,참좋은여행
2019-12-24,6690,6720,6610,6610,38649,-0.011958146,6622,6540,6525,6285.833333,6291.5,94850,참좋은여행
2019-12-26,6620,6780,6620,6780,62191,0.025718608,6666,6580,6544,6296.833333,6289.416667,94850,참좋은여행
2019-12-27,6700,6780,6660,6730,42366,-0.007374631,6694,6614,6558.5,6307.333333,6287.583333,94850,참좋은여행
2019-12-30,6750,6790,6660,6700,21492,-0.004457652,6702,6639,6563.5,6320,6284.75,94850,참좋은여행
2020-01-02,6720,6770,6600,6650,74826,-0.007462687,6694,6653,6566.5,6332.5,6282.5,94850,참좋은여행
2020-01-03,6650,6730,6600,6660,38856,0.001503759,6704,6663,6568,6346,6278.416667,94850,참좋은여행
2020-01-06,6620,6630,6390,6390,86215,-0.040540541,6626,6646,6563.5,6355,6273.25,94850,참좋은여행
2020-01-07,6330,6490,6320,6400,64395,0.001564945,6560,6627,6554.5,6364.833333,6267.916667,94850,참좋은여행
2020-01-08,6320,6400,6120,6170,94607,-0.0359375,6454,6578,6535,6370.666667,6261.166667,94850,참좋은여행
2020-01-09,6350,6460,6230,6340,70672,0.027552674,6392,6543,6529.5,6375,6256,94850,참좋은여행
2020-01-10,6470,6470,6350,6400,41820,0.009463722,6340,6522,6531,6381.5,6251.666667,94850,참좋은여행
2020-01-13,6480,6770,6410,6710,167193,0.0484375,6404,6515,6547.5,6393.5,6250.583333,94850,참좋은여행
2020-01-14,6780,6880,6700,6700,137067,-0.001490313,6464,6512,6563,6405.166667,6249.75,94850,참좋은여행
2020-01-15,6780,6800,6640,6760,40935,0.008955224,6582,6518,6578.5,6417.333333,6248.666667,94850,참좋은여행
2020-01-16,6760,6830,6680,6760,45934,0,6666,6529,6591,6427.5,6247.666667,94850,참좋은여행
2020-01-17,6830,6840,6680,6700,58049,-0.00887574,6726,6533,6598,6436.833333,6246.833333,94850,참좋은여행
2020-01-20,6690,6740,6490,6490,51443,-0.031343284,6682,6543,6594.5,6443.166667,6244,94850,참좋은여행
2020-01-21,6490,6490,6310,6350,50573,-0.021571649,6612,6538,6582.5,6448.166667,6241.083333,94850,참좋은여행
2020-01-22,6350,6350,6230,6340,63274,-0.001574803,6528,6555,6566.5,6454.333333,6238.75,94850,참좋은여행
2020-01-23,6270,6280,6190,6210,58519,-0.020504732,6418,6542,6542.5,6458.166667,6237.666667,94850,참좋은여행
2020-01-28,5640,5890,5640,5770,343168,-0.070853462,6232,6479,6500.5,6451.166667,6233.25,94850,참좋은여행
2020-01-29,5780,6010,5760,6000,146772,0.039861352,6134,6408,6461.5,6449.166667,6230.833333,94850,참좋은여행
2020-01-30,5980,5980,5780,5830,88749,-0.028333333,6030,6321,6416.5,6444.5,6227.25,94850,참좋은여행
2020-01-31,5830,5960,5700,5700,80750,-0.022298456,5902,6215,6366.5,6437,6223.083333,94850,참좋은여행
2020-02-03,5610,5850,5400,5730,114080,0.005263158,5806,6112,6320.5,6425.833333,6222.25,94850,참좋은여행
2020-02-04,5710,5960,5710,5940,80873,0.036649215,5840,6036,6284.5,6419.166667,6223.666667,94850,참좋은여행
2020-02-05,5950,6040,5810,5890,41703,-0.008417508,5818,5976,6259.5,6411.666667,6224.75,94850,참좋은여행
2020-02-06,5890,6020,5870,6020,48451,0.022071307,5856,5943,6240.5,6406.5,6225.5,94850,참좋은여행
2020-02-07,6000,6000,5860,5930,56463,-0.014950166,5902,5902,6228.5,6399.5,6224.416667,94850,참좋은여행
2020-02-10,5890,5920,5830,5910,25814,-0.003372681,5938,5872,6207,6393,6224.333333,94850,참좋은여행
2020-02-11,5880,5970,5880,5950,52479,0.00676819,5940,5890,6184.5,6387.5,6224.583333,94850,참좋은여행
2020-02-12,5950,6010,5900,5990,75882,0.006722689,5960,5889,6148.5,6383,6225.25,94850,참좋은여행
2020-02-13,6030,6250,6000,6250,159171,0.043405676,6006,5931,6126,6382.333333,6229.75,94850,참좋은여행
2020-02-14,6250,6280,6180,6260,62815,0.0016,6072,5987,6101,6381.666667,6233.833333,94850,참좋은여행
2020-02-17,6260,6350,6170,6260,68008,0,6142,6040,6076,6377.833333,6238.166667,94850,참좋은여행
2020-02-18,6260,6280,6070,6080,38130,-0.028753994,6168,6054,6045,6369.333333,6238.916667,94850,참좋은여행
2020-02-19,6080,6230,6000,6030,38831,-0.008223684,6176,6068,6022,6362,6239.25,94850,참좋은여행
2020-02-20,5980,6040,5790,5870,104933,-0.026533997,6100,6053,5998,6355.166667,6238.833333,94850,참좋은여행
2020-02-21,5840,5850,5730,5770,52477,-0.017035775,6002,6037,5969.5,6346.166667,6239.416667,94850,참좋은여행
2020-02-24,5500,5670,5490,5500,81274,-0.046793761,5850,5996,5934,6331.333333,6237.5,94850,참좋은여행
2020-02-25,5500,5740,5490,5640,53724,0.025454545,5762,5965,5927.5,6317.666667,6236.333333,94850,참좋은여행
2020-02-26,5640,5720,5520,5630,36938,-0.00177305,5682,5929,5909,6304.833333,6235.083333,94850,참좋은여행
2020-02-27,5620,5630,5430,5460,71717,-0.030195382,5600,5850,5890.5,6288.5,6231.916667,94850,참좋은여행
2020-02-28,5300,5330,5200,5210,151921,-0.045787546,5488,5745,5866,6265.333333,6226.666667,94850,참좋은여행
2020-03-02,5400,5400,5140,5190,55328,-0.003838772,5426,5638,5839,6242,6221,94850,참좋은여행
2020-03-03,5370,5370,5200,5210,36343,0.003853565,5340,5551,5802.5,6218.333333,6214.916667,94850,참좋은여행
2020-03-04,5210,5350,5110,5350,57684,0.026871401,5284,5483,5775.5,6199.5,6209.333333,94850,참좋은여행
2020-03-05,5360,5570,5360,5530,72985,0.03364486,5298,5449,5751,6182,6203.333333,94850,참좋은여행
2020-03-06,5520,5520,5310,5350,45899,-0.032549729,5326,5407,5722,6161.833333,6196.916667,94850,참좋은여행
2020-03-09,5310,5310,4990,5060,137188,-0.054205607,5300,5363,5679.5,6138.666667,6187,94850,참좋은여행
2020-03-10,4875,5200,4850,5130,57108,0.013833992,5284,5312,5638.5,6118,6177.083333,94850,참좋은여행
2020-03-11,5130,5190,4905,4935,49598,-0.038011696,5201,5242.5,5585.75,6093.916667,6164.958333,94850,참좋은여행
2020-03-12,4740,4845,4600,4675,81735,-0.052684904,5030,5164,5507,6065.333333,6151.333333,94850,참좋은여행
2020-03-13,4150,4390,3950,4300,132012,-0.080213904,4820,5073,5409,6029.5,6134.666667,94850,참좋은여행
2020-03-16,4250,4435,4050,4300,96968,0,4668,4984,5311,5992.666667,6118.166667,94850,참좋은여행
2020-03-17,3810,4300,3810,4300,32612,0,4502,4893,5222,5955,6102.25,94850,참좋은여행
2020-03-18,4300,4410,4100,4100,41456,-0.046511628,4335,4768,5125.5,5914,6084.5,94850,참좋은여행
2020-03-19,4100,4290,3065,3600,190219,-0.12195122,4120,4575,5012,5864.166667,6062.5,94850,참좋은여행
2020-03-20,3575,3755,3300,3700,608333,0.027777778,4000,4410,4908.5,5814.833333,6041.833333,94850,참좋은여행
2020-03-23,3560,3565,3105,3140,269404,-0.151351351,3768,4218,4790.5,5755.666667,6016.833333,94850,참좋은여행
2020-03-24,3250,3345,3110,3300,91182,0.050955414,3568,4035,4673.5,5700.5,5993.166667,94850,참좋은여행
2020-03-25,3475,3550,3345,3510,228207,0.063636364,3450,3892.5,4567.5,5646,5971.416667,94850,참좋은여행
2020-03-26,3510,4190,3475,3860,266157,0.0997151,3502,3811,4487.5,5598.166667,5952.75,94850,참좋은여행
2020-03-27,3950,4140,3775,3900,103647,0.010362694,3542,3771,4422,5551.5,5935.75,94850,참좋은여행
2020-03-30,3815,3900,3700,3860,51950,-0.01025641,3686,3727,4355.5,5505,5918.75,94850,참좋은여행
2020-03-31,3950,3980,3865,3875,66637,0.00388601,3801,3684.5,4288.75,5458.583333,5902.291667,94850,참좋은여행
2020-04-01,3875,4165,3850,4050,144353,0.04516129,3909,3679.5,4223.75,5419.583333,5887.291667,94850,참좋은여행
2020-04-02,4050,4050,3790,3945,105807,-0.025925926,3926,3714,4144.5,5378.666667,5871.75,94850,참좋은여행
2020-04-03,3935,4065,3905,4040,61883,0.024081115,3954,3748,4079,5343.166667,5856.916667,94850,참좋은여행
2020-04-06,3945,4170,3945,4130,96455,0.022277228,4008,3847,4032.5,5306.333333,5840.666667,94850,참좋은여행
2020-04-07,4340,4555,4250,4465,143701,0.081113801,4126,3963.5,3999.25,5274.083333,5827.791667,94850,참좋은여행
2020-04-08,4615,4745,4375,4665,110475,0.044792833,4249,4079,3985.75,5240,5816.75,94850,참좋은여행
2020-04-09,4795,4860,4695,4820,150251,0.033226152,4424,4175,3993,5208.666667,5806.916667,94850,참좋은여행
2020-04-10,4825,4875,4655,4790,143740,-0.006224066,4574,4264,4017.5,5175.833333,5796.583333,94850,참좋은여행
2020-04-13,4790,4850,4470,4600,108573,-0.039665971,4668,4338,4032.5,5139.833333,5783.666667,94850,참좋은여행
2020-04-14,4600,4875,4600,4800,169845,0.043478261,4735,4430.5,4057.5,5108.166667,5772.5,94850,참좋은여행
2020-04-16,4870,4880,4640,4710,57444,-0.01875,4744,4496.5,4088,5078.5,5760.833333,94850,참좋은여행
2020-04-17,4820,4980,4800,4935,128659,0.047770701,4767,4595.5,4154.75,5054.916667,5751.541667,94850,참좋은여행
2020-04-20,5100,5430,5000,5130,199557,0.039513678,4835,4704.5,4226.25,5034.75,5744.541667,94850,참좋은여행
2020-04-21,5200,5360,4905,5280,243461,0.029239766,4971,4819.5,4333.25,5019.25,5738.708333,94850,참좋은여행
2020-04-22,5240,5330,5110,5320,132198,0.007575758,5075,4905,4434.25,5011.75,5731.458333,94850,참좋은여행
2020-04-23,5370,5700,5200,5560,562404,0.045112782,5245,4994.5,4536.75,5004.416667,5726.791667,94850,참좋은여행
2020-04-24,5560,5560,5400,5440,111223,-0.021582734,5346,5056.5,4615.75,4997.916667,5721.208333,94850,참좋은여행
2020-04-27,5520,5550,5390,5450,145711,0.001838235,5410,5122.5,4693.25,4993.75,5715.375,94850,참좋은여행
2020-04-28,5450,6480,5300,5870,3871832,0.07706422,5528,5249.5,4793.75,4996.083333,5710.958333,94850,참좋은여행
2020-04-29,5870,5920,5600,5720,549435,-0.025553663,5608,5341.5,4886,4992.416667,5705.791667,94850,참좋은여행
2020-05-04,5630,5780,5570,5720,296530,0,5640,5442.5,4969.5,4989.583333,5700.625,94850,참좋은여행
2020-05-06,5790,5790,5610,5660,167757,-0.01048951,5684,5515,5055.25,4983.583333,5695.041667,94850,참좋은여행
2020-05-07,5650,5650,5530,5590,135249,-0.012367491,5712,5561,5132.75,4977.916667,5688.708333,94850,참좋은여행
2020-05-08,5620,5760,5570,5640,125219,0.008944544,5666,5597,5208.25,4973.416667,5683.208333,94850,참좋은여행
2020-05-11,5640,5640,5140,5300,359494,-0.060283688,5582,5595,5250,4962.583333,5675.041667,94850,참좋은여행
2020-05-12,5260,5290,5010,5160,294302,-0.026415094,5470,5555,5274.75,4948.75,5665.875,94850,참좋은여행
2020-05-13,5150,5150,4965,5130,134034,-0.005813953,5364,5524,5290.25,4930.083333,5656.208333,94850,참좋은여행
2020-05-14,5160,5160,4910,4960,135835,-0.033138402,5238,5475,5298.75,4908.416667,5645.041667,94850,참좋은여행
2020-05-15,4970,5100,4945,5050,77979,0.018145161,5120,5393,5321.25,4888.25,5633.041667,94850,참좋은여행
2020-05-18,5050,5540,5050,5310,509131,0.051485149,5122,5352,5346.75,4875.416667,5622.375,94850,참좋은여행
2020-05-19,5910,5920,5440,5500,561561,0.035781544,5190,5330,5386.25,4866.583333,5614.291667,94850,참좋은여행
2020-05-20,5510,5510,5320,5450,130946,-0.009090909,5254,5309,5412,4859.583333,5607.375,94850,참좋은여행
2020-05-21,5500,5860,5410,5590,380497,0.025688073,5380,5309,5435,4856.583333,5601.375,94850,참좋은여행
2020-05-22,5590,5780,5440,5480,244753,-0.019677996,5466,5293,5445,4856.25,5593.791667,94850,참좋은여행
2020-05-25,5410,5640,5410,5590,146656,0.020072993,5522,5322,5458.5,4855.416667,5586.541667,94850,참좋은여행
2020-05-26,5590,5700,5520,5590,134862,0,5540,5365,5460,4854.75,5579.791667,94850,참좋은여행
2020-05-27,5780,5780,5590,5610,218111,0.003577818,5572,5413,5468.5,4857.25,5572.875,94850,참좋은여행
2020-05-28,5640,5690,5360,5420,194885,-0.033868093,5538,5459,5467,4860.75,5563.041667,94850,참좋은여행
2020-05-29,5410,5550,5320,5550,81231,0.02398524,5552,5509,5451,4866.75,5554.375,94850,참좋은여행
2020-06-01,5550,6300,5520,5750,1055797,0.036036036,5584,5553,5452.5,4875.75,5547.041667,94850,참좋은여행
2020-06-02,5720,5750,5660,5700,178502,-0.008695652,5606,5573,5451.5,4881.583333,5540.541667,94850,참좋은여행
2020-06-03,5710,5760,5650,5700,189106,0,5624,5598,5453.5,4884.416667,5533.208333,94850,참좋은여행
2020-06-04,5800,5840,5670,5720,167891,0.003508772,5684,5611,5460,4890.583333,5526.208333,94850,참좋은여행
2020-06-05,5720,6290,5720,5840,1112205,0.020979021,5742,5647,5470,4903.583333,5521.125,94850,참좋은여행
2020-06-08,5890,5930,5740,5760,226763,-0.01369863,5744,5664,5493,4914.083333,5516.041667,94850,참좋은여행
2020-06-09,5870,5870,5660,5730,154036,-0.005208333,5750,5678,5521.5,4927.333333,5510.625,94850,참좋은여행
2020-06-10,5730,5730,5630,5690,96560,-0.006980803,5748,5686,5549.5,4944.25,5504.791667,94850,참좋은여행
2020-06-11,5700,5700,5540,5570,107506,-0.021089631,5718,5701,5580,4965.416667,5497.458333,94850,참좋은여행
2020-06-12,5150,5420,5150,5380,118019,-0.034111311,5626,5684,5596.5,4983.416667,5488.041667,94850,참좋은여행
2020-06-15,5380,5430,4845,4980,161295,-0.074349442,5470,5607,5580,4994.75,5474.875,94850,참좋은여행
2020-06-16,5070,5230,5030,5200,86605,0.044176707,5364,5557,5565,5013.083333,5463.541667,94850,참좋은여행
2020-06-17,5200,5280,5030,5100,71727,-0.019230769,5246,5497,5547.5,5038.083333,5451.125,94850,참좋은여행
2020-06-18,5200,5220,5040,5100,46095,0,5152,5435,5523,5061.416667,5438.125,94850,참좋은여행
2020-06-19,5140,5190,5110,5150,45662,0.009803922,5106,5366,5506.5,5094.916667,5425.291667,94850,참좋은여행
2020-06-22,5110,5140,5000,5010,75514,-0.027184466,5112,5291,5477.5,5123.416667,5411.958333,94850,참좋은여행
2020-06-23,5010,5050,4915,4955,71555,-0.010978044,5063,5213.5,5445.75,5147.5,5396.75,94850,참좋은여행
2020-06-24,5050,5070,4950,4980,38253,0.005045409,5039,5142.5,5414.25,5166.166667,5382.166667,94850,참좋은여행
2020-06-25,4950,4950,4800,4865,82317,-0.023092369,4992,5072,5386.5,5182.25,5366.875,94850,참좋은여행
2020-06-26,4995,4995,4800,4870,34360,0.001027749,4936,5021,5352.5,5199.083333,5352.041667,94850,참좋은여행
2020-06-29,4810,4870,4720,4745,42309,-0.025667351,4883,4997.5,5302.25,5213.583333,5336.083333,94850,참좋은여행
2020-06-30,4780,5250,4770,5000,162317,0.05374078,4892,4977.5,5267.25,5229.416667,5324.5,94850,참좋은여행
2020-07-01,5090,5090,4890,4900,41548,-0.02,4876,4957.5,5227.25,5245.333333,5312,94850,참좋은여행
2020-07-02,4985,4985,4890,4900,34076,0,4883,4937.5,5186.25,5259.666667,5301.416667,94850,참좋은여행
2020-07-03,4975,5000,4900,4940,38594,0.008163265,4897,4916.5,5141.25,5273.166667,5289.75,94850,참좋은여행
2020-07-06,4890,4990,4890,4965,34773,0.005060729,4941,4912,5101.5,5281.5,5277.791667,94850,참좋은여행
2020-07-07,4985,5020,4900,4930,50667,-0.007049345,4927,4909.5,5061.5,5285.916667,5262.958333,94850,참좋은여행
2020-07-08,4930,4965,4895,4910,26934,-0.004056795,4929,4902.5,5022.5,5287.416667,5248.041667,94850,참좋은여행
2020-07-09,4910,4950,4850,4875,40076,-0.00712831,4924,4903.5,4987.75,5288.833333,5232.333333,94850,참좋은여행
2020-07-10,4875,4880,4770,4775,53287,-0.020512821,4891,4894,4957.5,5291.75,5215.791667,94850,참좋은여행
2020-07-13,4755,4820,4755,4780,45761,0.00104712,4854,4897.5,4947.5,5291.416667,5199.791667,94850,참좋은여행
2020-07-14,4800,4800,4660,4700,72669,-0.016736402,4808,4867.5,4922.5,5291.25,5184.875,94850,참좋은여행
2020-07-15,4820,5100,4810,4985,180011,0.060638298,4823,4876,4916.75,5292.083333,5173.5,94850,참좋은여행
2020-07-16,5090,5090,4945,4985,84075,0,4845,4884.5,4911,5289.666667,5162.208333,94850,참좋은여행
2020-07-17,4985,4985,4885,4970,46080,-0.003009027,4884,4887.5,4902,5284.5,5151.875,94850,참좋은여행
2020-07-20,4970,5000,4890,4930,36155,-0.00804829,4914,4884,4898,5278,5144.875,94850,참좋은여행
2020-07-21,5020,5100,4950,5020,78523,0.018255578,4978,4893,4901.25,5269,5136.708333,94850,참좋은여행
2020-07-22,5030,5050,4980,5000,58111,-0.003984064,4981,4902,4902.25,5261.666667,5129.791667,94850,참좋은여행
2020-07-23,5010,5010,4905,4970,23845,-0.006,4978,4911.5,4907.5,5253.666667,5123.708333,94850,참좋은여행
2020-07-24,4880,4970,4880,4885,45483,-0.017102616,4961,4922.5,4908.25,5237.25,5116.666667,94850,참좋은여행
2020-07-27,4880,4960,4725,4910,46571,0.005117707,4957,4935.5,4916.5,5223.75,5108.083333,94850,참좋은여행
2020-07-28,4910,5020,4880,4990,61947,0.016293279,4951,4964.5,4916,5211.583333,5100.583333,94850,참좋은여행
2020-07-29,4990,5020,4925,5020,31517,0.006012024,4955,4968,4922,5200.916667,5092.25,94850,참좋은여행
2020-07-30,5060,5070,4990,5030,67023,0.001992032,4967,4972.5,4928.5,5191.583333,5084.75,94850,참좋은여행
2020-07-31,5090,5090,4940,4970,40123,-0.011928429,4984,4972.5,4930,5180.416667,5076.916667,94850,참좋은여행
2020-08-03,4915,4970,4910,4920,36038,-0.010060362,4986,4971.5,4927.75,5174.083333,5068.333333,94850,참좋은여행
2020-08-04,4875,4970,4875,4955,30690,0.007113821,4979,4965,4929,5170.666667,5059.708333,94850,참좋은여행
2020-08-05,4970,5020,4955,4975,48682,0.004036327,4970,4962.5,4932.25,5168.083333,5049.083333,94850,참좋은여행
2020-08-06,5000,5120,4980,5080,82897,0.021105528,4980,4973.5,4942.5,5170.083333,5039.25,94850,참좋은여행
2020-08-07,5150,5400,5120,5340,291170,0.051181102,5054,5019,4970.75,5174.916667,5031.583333,94850,참좋은여행
2020-08-10,5340,5340,5150,5200,131337,-0.026217228,5110,5048,4991.75,5173.083333,5024.25,94850,참좋은여행
2020-08-11,5230,5310,5210,5280,62409,0.015384615,5175,5077,5020.75,5169.416667,5018,94850,참좋은여행
2020-08-12,5320,6660,5320,5970,8648865,0.130681818,5374,5172,5070,5178.083333,5018.833333,94850,참좋은여행
2020-08-13,6030,6040,5660,5810,1262826,-0.02680067,5520,5250,5111.25,5181.75,5019.166667,94850,참좋은여행
2020-08-14,5810,5940,5620,5700,697566,-0.018932874,5592,5323,5147.75,5185.416667,5020.833333,94850,참좋은여행
2020-08-18,5160,5420,4965,5090,753868,-0.107017544,5570,5340,5155.75,5177.083333,5016.25,94850,참좋은여행
2020-08-19,5030,5160,4975,5090,180461,0,5532,5353.5,5159.25,5168.75,5011.75,94850,참좋은여행
2020-08-20,5000,5070,4850,4900,191661,-0.037328094,5318,5346,5154.25,5156.916667,5007.083333,94850,참좋은여행
2020-08-21,4900,5130,4865,5110,109787,0.042857143,5178,5349,5161.25,5151.75,5006.25,94850,참좋은여행
2020-08-24,5060,5210,4980,5100,127800,-0.001956947,5058,5325,5172,5144.25,5005.5,94850,참좋은여행
2020-08-25,5370,5410,5130,5150,164097,0.009803922,5070,5320,5184,5134.25,5005,94850,참좋은여행
2020-08-26,5150,5180,5050,5070,78130,-0.015533981,5066,5299,5188,5123.75,5002.666667,94850,참좋은여행
2020-08-27,5080,5180,5000,5040,112131,-0.00591716,5094,5206,5189,5112.75,4998.583333,94850,참좋은여행
2020-08-28,5080,5130,5030,5060,67877,0.003968254,5084,5131,5190.5,5101.75,4996.166667,94850,참좋은여행
2020-08-31,5150,5190,5080,5120,115057,0.011857708,5088,5073,5198,5089.75,4996.666667,94850,참좋은여행
2020-09-01,5100,5320,5100,5300,115502,0.03515625,5118,5094,5217,5082.083333,4998.083333,94850,참좋은여행
2020-09-02,5350,5400,5300,5360,84346,0.011320755,5176,5121,5237.25,5075.916667,5001.625,94850,참좋은여행
2020-09-03,5410,5480,5350,5360,166325,0,5240,5167,5256.5,5070.416667,5007.333333,94850,참좋은여행
2020-09-04,5360,5550,5250,5470,239323,0.020522388,5322,5203,5276,5068.75,5017.083333,94850,참좋은여행
2020-09-07,5470,6010,5470,5740,1064320,0.049360146,5446,5267,5296,5074.75,5029.083333,94850,참좋은여행
2020-09-08,5780,6000,5470,5550,377906,-0.033101045,5496,5307,5313.5,5084.25,5039.5,94850,참좋은여행
2020-09-09,5470,5550,5350,5450,122451,-0.018018018,5514,5345,5322,5088.416667,5050.75,94850,참좋은여행
2020-09-10,5450,5600,5430,5520,113147,0.012844037,5546,5393,5299.5,5095.416667,5066.75,94850,참좋은여행
2020-09-11,5450,5540,5430,5510,83221,-0.001811594,5554,5438,5284.5,5102.25,5081.833333,94850,참좋은여행
2020-09-14,5570,5710,5550,5600,143801,0.016333938,5526,5486,5279.5,5109.75,5102.333333,94850,참좋은여행
2020-09-15,5600,5650,5520,5640,110403,0.007142857,5544,5520,5307,5120.25,5121.833333,94850,참좋은여행
2020-09-16,5660,5720,5500,5550,116336,-0.015957447,5564,5539,5330,5130.166667,5138.833333,94850,참좋은여행
2020-09-17,5560,5620,5340,5440,87973,-0.01981982,5548,5547,5357,5137.833333,5152,94850,참좋은여행
2020-09-18,5490,5540,5350,5480,48921,0.007352941,5542,5548,5375.5,5148.083333,5165.166667,94850,참좋은여행
2020-09-21,5480,5550,5340,5450,69426,-0.005474453,5512,5519,5393,5157.75,5178.416667,94850,참좋은여행
2020-09-22,5450,5450,5190,5260,109232,-0.034862385,5436,5490,5398.5,5166.333333,5189.958333,94850,참좋은여행
2020-09-23,5240,5330,5050,5250,82989,-0.001901141,5376,5470,5407.5,5170.5,5199.958333,94850,참좋은여행
2020-09-24,5120,5190,5060,5190,97864,-0.011428571,5326,5437,5415,5175.333333,5210.333333,94850,참좋은여행
2020-09-25,5130,5300,5100,5220,73820,0.005780347,5274,5408,5423,5180.666667,5220.166667,94850,참좋은여행
2020-09-28,5230,5450,5230,5420,69798,0.038314176,5268,5390,5438,5188.666667,5230.916667,94850,참좋은여행
2020-09-29,5450,5510,5400,5480,76068,0.011070111,5312,5374,5447,5197.25,5239.375,94850,참좋은여행
2020-10-05,5430,5560,5390,5520,58920,0.00729927,5366,5371,5455,5207.083333,5246.5,94850,참좋은여행
2020-10-06,5520,5540,5460,5500,49001,-0.003623188,5428,5377,5462,5216.916667,5252.166667,94850,참좋은여행
2020-10-07,5490,5560,5450,5540,62479,0.007272727,5492,5383,5465.5,5228,5258.416667,94850,참좋은여행
2020-10-08,5590,5700,5490,5550,140579,0.001805054,5518,5393,5456,5240.916667,5266.333333,94850,참좋은여행
2020-10-12,5690,6140,5600,5830,2226266,0.05045045,5588,5450,5470,5258.416667,5274.916667,94850,참좋은여행
2020-10-13,5810,5810,5580,5650,276802,-0.030874786,5614,5490,5480,5274.25,5282.75,94850,참좋은여행
2020-10-14,5600,5740,5490,5510,218890,-0.024778761,5616,5522,5479.5,5283,5287.541667,94850,참좋은여행
2020-10-15,5510,5610,5420,5500,117107,-0.001814882,5608,5550,5479,5291.583333,5290.625,94850,참좋은여행
2020-10-16,5550,5670,5400,5460,138846,-0.007272727,5590,5554,5472,5299.75,5292.125,94850,참좋은여행
2020-10-19,5530,5980,5470,5840,556407,0.06959707,5592,5590,5482,5314.916667,5296.458333,94850,참좋은여행
2020-10-20,5840,5840,5550,5740,265407,-0.017123288,5610,5612,5491.5,5326.916667,5297.958333,94850,참좋은여행
2020-10-21,5690,6170,5690,6130,1302155,0.067944251,5734,5675,5526,5345.75,5303.708333,94850,참좋은여행
2020-10-22,6100,6110,5950,5950,432961,-0.029363785,5824,5716,5549.5,5362.083333,5307.875,94850,참좋은여행
2020-10-23,6150,6350,5960,5970,469476,0.003361345,5926,5758,5575.5,5380.166667,5308.708333,94850,참좋은여행
2020-10-26,6000,6040,5800,5850,306863,-0.020100503,5928,5760,5605,5395.833333,5309.791667,94850,참좋은여행
2020-10-27,5750,5860,5640,5800,155383,-0.008547009,5940,5775,5632.5,5409.333333,5310.458333,94850,참좋은여행
2020-10-28,5750,5980,5620,5940,247181,0.024137931,5902,5818,5670,5424.666667,5312.791667,94850,참좋은여행
2020-10-29,5800,5880,5670,5830,166908,-0.018518519,5878,5851,5700.5,5438,5314.791667,94850,참좋은여행
2020-10-30,5960,6200,5700,5790,296909,-0.006861063,5842,5884,5719,5451.666667,5316.041667,94850,참좋은여행
2020-11-02,5710,5860,5710,5820,77845,0.005181347,5836,5882,5736,5466.666667,5320.375,94850,참좋은여행
2020-11-03,5830,5950,5800,5880,146915,0.010309278,5852,5896,5754,5482.083333,5326.375,94850,참좋은여행
2020-11-04,5900,6040,5830,5990,194591,0.018707483,5862,5882,5778.5,5499,5333.541667,94850,참좋은여행
2020-11-05,6000,6050,5880,6000,137988,0.001669449,5896,5887,5801.5,5514.333333,5342.208333,94850,참좋은여행
2020-11-06,6000,6010,5910,5950,65436,-0.008333333,5928,5885,5821.5,5524.5,5349.708333,94850,참좋은여행
2020-11-09,6050,6050,5940,5990,104350,0.006722689,5962,5899,5829.5,5537.666667,5355.375,94850,참좋은여행
2020-11-10,7100,7290,6300,6390,1925669,0.066777963,6064,5958,5866.5,5556.166667,5362.791667,94850,참좋은여행
2020-11-11,6410,7440,6250,6930,2556796,0.084507042,6252,6057,5937.5,5572.166667,5375.125,94850,참좋은여행
2020-11-12,6790,6890,6610,6720,414789,-0.03030303,6396,6146,5998.5,5587.333333,5384.541667,94850,참좋은여행
2020-11-13,6740,6950,6600,6800,308946,0.011904762,6566,6247,6065.5,5605.666667,5395.541667,94850,참좋은여행
2020-11-16,6690,7190,6400,6860,741412,0.008823529,6740,6351,6116.5,5635.166667,5406.125,94850,참좋은여행
2020-11-17,7140,7240,6760,6800,601613,-0.008746356,6822,6443,6169.5,5663.666667,5416.208333,94850,참좋은여행
2020-11-18,6740,6950,6700,6930,156506,0.019117647,6822,6537,6209.5,5697.5,5427.208333,94850,참좋은여행
2020-11-19,6930,6930,6710,6800,173713,-0.018759019,6838,6617,6252,5725.666667,5438.708333,94850,참좋은여행
2020-11-20,7000,7800,6900,7270,5151326,0.069117647,6932,6749,6317,5761.833333,5453.041667,94850,참좋은여행
2020-11-23,7160,9020,7030,8170,5560950,0.123796424,7194,6967,6433,5812.166667,5473.208333,94850,참좋은여행
2020-11-24,8290,8520,8080,8240,1659451,0.008567931,7482,7152,6555,5865,5494.375,94850,참좋은여행
2020-11-25,8430,9200,8280,8620,2718391,0.046116505,7820,7321,6689,5924.666667,5518.708333,94850,참좋은여행
2020-11-26,8630,8700,8400,8680,482570,0.006960557,8196,7517,6831.5,5985,5543.375,94850,참좋은여행
2020-11-27,8550,9000,8490,8990,608719,0.035714286,8540,7736,6991.5,6049.5,5569.625,94850,참좋은여행
2020-11-30,9300,9870,9150,9360,1317208,0.041156841,8778,7986,7168.5,6117.166667,5599.625,94850,참좋은여행
2020-12-01,9220,11000,9100,10100,3166001,0.079059829,9150,8316,7379.5,6196.166667,5636.041667,94850,참좋은여행
2020-12-02,10100,11100,10050,11000,2553495,0.089108911,9626,8723,7630,6290.166667,5680.291667,94850,참좋은여행
2020-12-03,11400,12300,11050,12300,1769009,0.118181818,10350,9273,7945,6404,5736.375,94850,참좋은여행
2020-12-04,12250,12250,11000,11100,2195402,-0.097560976,10772,9656,8202.5,6493.333333,5784.041667,94850,참좋은여행
2020-12-07,10550,11150,9990,10700,1899052,-0.036036036,11040,9909,8438,6579.166667,5831.708333,94850,참좋은여행
2020-12-08,10600,11650,10500,11000,1449718,0.028037383,11220,10185,8668.5,6671.666667,5880.041667,94850,참좋은여행
2020-12-09,11300,11350,10250,10500,2528036,-0.045454545,11120,10373,8847,6754.666667,5925.041667,94850,참좋은여행
2020-12-10,10450,10800,10200,10500,688567,0,10760,10555,9036,6837.833333,5970.041667,94850,참좋은여행
2020-12-11,10650,10650,10250,10350,573229,-0.014285714,10610,10691,9213.5,6917,6013.375,94850,참좋은여행
2020-12-14,10200,10200,9750,9770,917937,-0.056038647,10424,10732,9359,6985.833333,6053.041667,94850,참좋은여행
2020-12-15,9750,10200,9750,9900,568141,0.013306039,10204,10712,9514,7058.333333,6094.25,94850,참좋은여행
2020-12-16,9930,10050,9780,9950,344487,0.005050505,10094,10607,9665,7133.5,6135.666667,94850,참좋은여행
2020-12-17,9900,9920,9160,9270,837965,-0.068341709,9848,10304,9788.5,7196.666667,6172.375,94850,참좋은여행
2020-12-18,9160,9660,9030,9470,654216,0.021574973,9672,10141,9898.5,7263.666667,6210.708333,94850,참좋은여행
2020-12-21,9400,9400,9040,9140,411239,-0.034846885,9546,9985,9947,7328.333333,6247.333333,94850,참좋은여행
2020-12-22,9100,9280,8940,9010,316882,-0.014223195,9368,9786,9985.5,7391,6280.75,94850,참좋은여행
2020-12-23,9020,9130,8670,8920,422619,-0.009988901,9162,9628,10000.5,7453.166667,6314.25,94850,참좋은여행
2020-12-24,8920,9550,8920,9550,852829,0.070627803,9218,9533,10044,7525.333333,6353,94850,참좋은여행
