,word,count
0,.,20727
1,이,18003
2,다,17021
3,을,16382
4,는,13483
5,에,11058
6,의,10715
7,은,10668
8,하,9497
9,"""",8608
10,를,8432
11,고,7622
12,",",7377
13,있,6345
14,으로,6021
15,한,5696
16,가,5682
17,했,5411
18,',5078
19,로,4149
20,(,4125
21,과,4088
22,도,3996
23,),3669
24,에서,3644
25,것,3554
26,일,3300
27,등,3214
28,원,3097
29,할,3029
30,아시아나항공,2967
31,인,2891
32,항공,2883
33,적,2872
34,수,2806
35,해,2534
36,들,2358
37,억,2213
38,코로나,2166
39,되,2053
40,기,2053
41,3,1967
42,와,1961
43,대한항공,1851
44,한진,1823
45,인수,1801
46,1,1798
47,만,1794
48,며,1788
49,게,1763
50,19,1757
51,지,1707
52,면,1703
53,%,1639
54,한다,1628
55,아시아,1593
56,2,1574
57,·,1509
58,월,1508
59,대한,1446
60,성,1407
61,어,1405
62,나,1394
63,회장,1266
64,칼,1245
65,까지,1243
66,된다,1218
67,경영,1216
68,면서,1198
69,않,1183
70,항공사,1174
71,화,1173
72,=,1165
73,기자,1148
74,가능,1144
75,될,1136
76, ,1114
77,된,1106
78,말,1097
79,조,1092
80,지원,1061
81,년,1055
82,없,1048
83,통해,1045
84,],1029
85,[,1012
86,매각,986
87,위해,971
88,서울,963
89,지난,960
90,권,956
91,다는,950
92,및,941
93,상황,933
94,부터,931
95,중,917
96,기업,916
97,산업,909
98,그룹,905
99,경우,895
100,자,893
101,구조,889
102,산업은행,889
103,됐,864
104,이번,858
105,받,857
106,지만,841
107,-,834
108,다고,833
109,대,829
110,여행,817
111,통합,810
112,시,803
113,밝혔,793
114,경제,784
115,전,775
116,주,774
117,관련,771
118,었,769
119,증자,758
120,진행,750
121,10,745
122,던,738
123,조정,738
124,시장,731
125,산은,730
126,이라고,724
127,4,719
128,현산,718
129,유상,701
130,규모,692
131,자금,678
132,HDC,675
133,업계,671
134,5,668
135,사업,661
136,주주,649
137,결정,638
138,국내,635
139,위한,633
140,겠,628
141,6,623
142,명,618
143,관계자,614
144,A,595
145,합병,594
146,KCGI,592
147,개,585
148,7,585
149,계약,585
150,이후,583
151,이날,579
152,뉴스,578
153,채,576
154,예정,576
155,필요,571
156,측,571
157,계획,565
158,지분,552
159,화물,548
160,파크,547
161,금융,546
162,재,546
163,두,544
164,@,543
165,▲,540
166,아,534
167,따르,532
168,핌,531
169,제,528
170,점,523
171,추진,521
172,항공업,519
173,간,519
174,com,518
175,보다,517
176,내,517
177,정부,516
178,았,513
179,투자,511
180,인터,510
181,newspim,507
182,발행,505
183,운영,500
184,전망,498
185,백신,497
186,현재,496
187,라고,494
188,때문,491
189,높,490
190,라는,490
191,분기,488
192,온라인,487
193,12,485
194,신청,484
195,11,482
196,회사,481
197,기간,480
198,노선,480
199,관광,478
200,방안,475
201,한국,470
202,상품,470
203,라며,469
204,대비,465
205,해야,458
206,대해,457
207,금호산업,457
208,따라,456
209,제공,454
210,9,453
211,계,448
212,8,446
213,기준,445
214,배정,444
215,부,441
216,참여,440
217,최대,439
218,예상,438
219,그,437
220,~,431
221,20,430
222,수요,430
223,에게,430
224,거래,429
225,설명,426
226,도록,425
227,기금,421
228,권단,418
229,LCC,417
230,&,417
231,유지,415
232,서비스,415
233,입장,415
234,오,414
235,위기,410
236,사,409
237,실사,408
238,무산,402
239,올해,397
240,신주,393
241,금호,392
242,산,392
243,함께,391
244,내년,390
245,영업,387
246,M,385
247,제주,384
248,운항,384
249,보,384
250,보유,381
251,위,379
252,강조,378
253,확보,376
254,개발,373
255,바이러스,372
256,주식,371
257,감염증,368
258,최근,367
259,신종,365
260,할인,365
261,같,360
262,이상,360
263,고용,358
264,노조,356
265,추가,355
266,후,353
267,투어,352
268,정상,350
269,만큼,347
270,아니,347
271,매출,347
272,라,346
273,30,344
274,양사,343
275,문제,342
276,비행,342
277,%),340
278,모두,340
279,5000,340
280,대표,338
281,세계,337
282,투입,336
283,방식,335
284,달,335
285,하나,333
286,검토,331
287,상승,330
288,회복,327
289,지속,325
290,사장,324
291,기록,322
292,더,321
293,총,321
294,또,321
295,공연,321
296,상,320
297,시간,319
298,우려,316
299,고객,315
300,위원회,313
301,특히,312
302,크,312
303,항공기,312
304,판매,311
305,포함,310
306,공항,310
307,주가,309
308,역시,309
309,법원,309
310,약,308
311,판단,308
312,마련,307
313,앞서,306
314,인력,306
315,율,305
316,업체,304
317,시작,304
318,다만,303
319,책임,301
320,인천,299
321,절차,296
322,안정,296
323,바,294
324,비용,293
325,◆,292
326,좋,288
327,돼,288
328,지난해,288
329,상태,287
330,현대산업개발,287
331,차,285
332,사태,284
333,확대,282
334,주요,281
335,여,280
336,관리,280
337,오후,279
338,수준,277
339,과정,276
340,여객,276
341,평가,275
342,조원태,275
343,결합,275
344,요구,274
345,대상,273
346,이익,272
347,경쟁,272
348,예약,271
349,해외,271
350,"%),",268
351,자본,268
352,때,265
353,따른,265
354,경쟁력,265
355,데,264
356,개선,264
357,미국,264
358,이용,262
359,기안,262
360,운송,260
361,장기,257
362,기존,257
363,강화,257
364,자회사,256
365,한다는,256
366,직원,255
367,다양,253
368,기대,253
369,소송,253
370,하지만,252
371,작업,251
372,결과,250
373,개월,250
374,협의,245
375,불,243
376,8000,243
377,자산,241
378,글로벌,241
379,주장,241
380,장,240
381,번,240
382,많,239
383,0,238
384,향후,238
385,자연,237
386,구매,236
387,24,235
388,지적,234
389,금지,234
390,사용,233
391,분석,232
392,감소,230
393,실적,230
394,보인다,230
395,가운데,229
396,안,228
397,큰,228
398,16,227
399,전했,227
400,확산,227
401,수송,227
402,우리,226
403,15,225
404,준비,225
405,소비자,225
406,조치,224
407,국민,223
408,처분,223
409,업종,222
410,한편,221
411,고려,221
412,사회,220
413,이유,219
414,넘,219
415,방역,219
416,제기,218
417,펀드,218
418,재무,217
419,지역,217
420,카드,217
421,안전,217
422,일부,216
423,다시,216
424,위원장,215
425,마일리지,215
426,발표,215
427,조건,214
428,합의,212
429,국토,211
430,이나,211
431,에어부산,211
432,곳,210
433,분,210
434,논의,209
435,회의,208
436,정책,208
437,해당,207
438,가처분,207
439,국제선,206
440,각각,205
441,계열사,205
442,부담,205
443,구성,205
444,부문,204
445,제한,204
446,25,203
447,발생,203
448,국가,203
449,"%,",201
450,전년,200
451,연구원,199
452,행사,199
453,회,198
454,없이,197
455,우선,196
456,한다고,195
457,가치,195
458,활용,195
459,3000,195
460,란,195
461,50,193
462,제안,193
463,역할,193
464,다른,192
465,모든,190
466,지난달,190
467,혜택,190
468,부지,190
469,여부,189
470,증가,189
471,더욱,188
472,유동,188
473,딜,188
474,률,187
475,협상,187
476,부채,186
477,이스타항공,186
478,이사,185
479,대형,185
480,감자,185
481,경영진,185
482,에어,184
483,쿠폰,184
484,재편,184
485,국적,184
486,채권,183
487,목적,183
488,대응,183
489,뒤,182
490,제품,181
491,노력,181
492,14,180
493,전환,179
494,문화,179
495,호텔,178
496,왔,178
497,온,176
498,공급,176
499,체결,176
500,협회,175
501,보이,174
502,는다,173
503,에선,173
504,브랜드,173
505,분쟁,173
506,성공,172
507,가장,172
508,수익,172
509,중국,171
510,특별,171
511,개편,171
512,서울시,171
513,반면,170
514,다음,170
515,점유,170
516,13,169
517,진에어,169
518,는데,169
519,영향,169
520,승인,169
521,상대,168
522,비율,168
523,좌석,168
524,별,167
525,열,167
526,이행,167
527,심사,167
528,불가피,166
529,정보,166
530,확인,166
531,가격,166
532,계약금,166
533,뮤지컬,166
534,나온다,165
535,주도,164
536,26,163
537,내용,163
538,현대,163
539,세,162
540,증권,162
541,100,162
542,또한,162
543,본격,162
544,합,162
545,앞,161
546,출발,160
547,담보,160
548,단,160
549,관심,160
550,손실,159
551,뿐,159
552,직접,158
553,공정,158
554,종목,157
555,비롯,157
556,거리,157
557,적극,156
558,첫,156
559,단계,156
560,적자,155
561,중단,155
562,인한,155
563,해외여행,155
564,편,155
565,시설,155
566,22,154
567,하락,153
568,외,153
569,사실,153
570,여객기,153
571,으며,152
572,요청,152
573,분야,152
574,승객,152
575,최고,152
576,기관,151
577,연말,151
578,국내선,151
579,성장,151
580,국제,151
581,공정위,151
582,이동걸,151
583,18,150
584,통한,150
585,올,150
586,알려졌,150
587,효과,150
588,이미,149
589,선정,149
590,생각,148
591,저,148
592,두산,147
593,초,147
594,△,147
595,일본,147
596,티켓,147
597,일반,146
598,기획,146
599,등급,146
600,면세점,146
601,참,146
602,건설,145
603,인해,145
604,비,145
605,물론,145
606,연장,144
607,극복,144
608,서,144
609,기내식,144
610,정비,144
611,홀딩스,143
612,씨,143
613,강,143
614,시스템,143
615,조종사,143
616,대한민국,143
617,라면서,143
618,최종,142
619,은행,142
620,맞,142
621,협력,142
622,사모,142
623,엔,142
624,운임,140
625,예매,140
626,전체,139
627,17,139
628,당국,138
629,법,138
630,줄,137
631,대해서,137
632,감안,136
633,종결,136
634,신용,136
635,대주주,136
636,당,135
637,연결,135
638,상당,135
639,기술,134
640,작년,133
641,장관,133
642,적용,133
643,2000,132
644,방침,132
645,23,131
646,28,131
647,업무,131
648,남,131
649,치,131
650,정도,131
651,숙박,131
652,길,130
653,각,130
654,네이버,130
655,효율,130
656,신규,130
657,관계,130
658,오전,130
659,습니다,130
660,양,129
661,27,129
662,전문,129
663,동안,129
664,40,128
665,겪,128
666,달러,128
667,체제,128
668,폭,127
669,당시,127
670,현금,127
671,쇼핑,127
672,이달,127
673,일정,127
674,중앙,127
675,오른,126
676,금액,126
677,상공,126
678,동기,125
679,현장,125
680,자체,125
681,기각,125
682,석,125
683,잠식,124
684,제외,124
685,사실상,124
686,현실,124
687,증시,124
688,전문가,123
689,반,123
690,로서,122
691,볼,122
692,여행사,122
693,형,122
694,조달,121
695,새로운,121
696,지금,121
697,두기,121
698,소식,121
699,나서,121
700,어렵,121
701,티웨이항공,120
702,가량,120
703,:,120
704,아직,120
705,우,120
706,개인,119
707,밖에,119
708,도입,119
709,영구,119
710,환경,119
711,중심,119
712,중요,119
713,노동조합,119
714,재개,119
715,송현동,119
716,공식,119
717,논란,119
718,훈,118
719,KDB,118
720,마켓,118
721,“,118
722,의견,118
723,중복,118
724,리조트,117
725,명연,117
726,찾,117
727,유제,117
728,오픈,117
729,이벤트,117
730,대출,117
731,임직원,117
732,법인,116
733,작품,116
734,업,115
735,공시,115
736,였,115
737,그러,115
738,같이,115
739,…,115
740,29,114
741,unsaid,114
742,해서,114
743,‘,114
744,마무리,114
745,경기,114
746,탑승,114
747,자료,114
748,낸,114
749,최소,113
750,째,113
751,건,113
752,”,113
753,B,113
754,해제,113
755,대우,113
756,조선,113
757,소비,112
758,집중,112
759,완료,112
760,유럽,112
761,사례,112
762,투자자,111
763,대금,111
764,입,111
765,만나,111
766,속,111
767,보도,111
768,대책,111
769,인프라,111
770,으로부터,110
771,비대,110
772,시점,110
773,순위,110
774,이르,109
775,중공업,109
776,덧붙였,109
777,용,109
778,기대감,109
779,어려움,108
780,라이브,108
781,피해,108
782,코어,108
783,거나,107
784,반영,107
785,미디어,107
786,갖,107
787,프로그램,107
788,사전,107
789,더라도,107
790,동시,106
791,쉽,106
792,자리,106
793,"',",106
794,는지,106
795,인용,106
796,아닌,105
797,여파,105
798,반대,105
799,프로모션,105
800,최,105
801,선,105
802,4000,104
803,방송,104
804,시키,104
805,의지,104
806,양대,104
807,전날,103
808,올랐,103
809,활동,103
810,처럼,103
811,행장,103
812,레드,103
813,함,102
814,결국,102
815,의미,102
816,놓,102
817,가지,102
818,악화,102
819,포인트,101
820,21,101
821,플랫폼,101
822,신,101
823,낮,101
824,전시,101
825,교환,101
826,외국인,100
827,교통부,100
828,휴직,100
829,지원금,100
830,지정,100
831,시대,100
832,만들,100
833,제시,100
834,항공편,100
835,부산,99
836,관측,99
837,부분,99
838,또는,99
839,’,99
840,처음,99
841,주목,99
842,실제,99
843,수행,99
844,별도,99
845,기회,98
846,지배,98
847,생존,98
848,공개,98
849,국제공항,98
850,거래일,97
851,실시,97
852,대부분,97
853,센터,97
854,셈,97
855,교수,97
856,매출액,96
857,확실,96
858,AK,96
859,/,96
860,모습,96
861,여러,96
862,시행,96
863,주총,96
864,비중,95
865,으면,95
866,60,95
867,일가,95
868,구체,95
869,입국,95
870,연임,95
871,연합,95
872,작가,95
873,전략,94
874,노,94
875,선택,94
876,SR,94
877,캡,94
878,분리,93
879,롯데,93
880,정리,93
881,영상,93
882,해양,93
883,매수,92
884,계열,92
885,제고,92
886,현,92
887,전용,92
888,1000,92
889,검색,92
890,운용,92
891,나라,92
892,사채,91
893,못하,91
894,기반,91
895,홈페이지,91
896,지급,91
897,열린,91
898,방어,91
899,코스피,90
900,순,90
901,300,90
902,이전,90
903,나오,90
904,방법,90
905,문,90
906,최선,90
907,부실,90
908,장거리,90
909,날,89
910,하반기,89
911,대신,89
912,아울러,89
913,로부터,88
914,이동,88
915,혁신,88
916,가족,88
917,해소,88
918,감독,88
919,기내,88
920,일자리,88
921,대화,88
922,제작,88
923,윤리,88
924,고속,88
925,반환,88
926,전자,87
927,생산,87
928,확정,87
929,본부,87
930,맡,87
931,발전,87
932,집계,87
933,바탕,87
934,연속,87
935,충분히,87
936,비즈니스,87
937,책,87
938,이해,86
939,31,86
940,종합,86
941,우기홍,86
942,출연,86
943,상반기,85
944,용품,85
945,사항,85
946,시각,85
947,마감,84
948,2018,84
949,제주항공,84
950,차원,84
951,상환,84
952,전무,84
953,본,84
954,임시,84
955,TV,84
956,티,83
957,거론,83
958,부사장,83
959,방향,83
960,여기,83
961,절감,83
962,보잉,83
963,반발,83
964,380,83
965,거쳐,82
966,당장,82
967,아이,82
968,스,82
969,출시,82
970,미,82
971,시너지,82
972,발급,82
973,먼저,82
974,인권,82
975,연극,82
976,보였,81
977,SK,81
978,인기,81
979,어려운,81
980,부족,81
981,이런,81
982,허용,81
983,특혜,81
984,타,81
985,사람,81
986,변경,80
987,음,80
988,미래,80
989,변화,80
990,총수,80
991,보장,80
992,속도,80
993,시기,80
994,2500,79
995,차입금,79
996,레저,79
997,달성,79
998,늘,79
999,거,79
1000,실,79
1001,노동자,79
1002,화물기,79
1003,흑자,79
1004,대안,79
1005,환승,79
1006,급등,79
1007,인원,79
1008,+,78
1009,위해서,78
1010,조직,78
1011,전국,78
1012,핵심,78
1013,조사,78
1014,긴급,78
1015,언급,78
1016,임기,78
1017,여전히,78
1018,격리,78
1019,실패,77
1020,자신,77
1021,회원,77
1022,결제,77
1023,최초,77
1024,하루,77
1025,개최,77
1026,지법,77
1027,했으나,77
1028,잘,77
1029,막,77
1030,나가,77
1031,출장,77
1032,예술,77
1033,LG,76
1034,계속,76
1035,지방,76
1036,희망,76
1037,시즌,76
1038,연구,76
1039,탄생,76
1040,줄이,76
1041,협약,76
1042,노사정,76
1043,베스트셀러,76
1044,고자,75
1045,잡,75
1046,평균,75
1047,새,75
1048,'(,75
1049,해도,75
1050,목소리,75
1051,단기,74
1052,인사,74
1053,측면,74
1054,그간,74
1055,공공,74
1056,행위,74
1057,야,74
1058,성사,74
1059,실장,74
1060,자사,74
1061,출간,74
1062,올스타,74
1063,90,73
1064,80,73
1065,커지,73
1066,무상,73
1067,서영욱,73
1068,syu,73
1069,긍정,73
1070,쇼핑몰,73
1071,합리,73
1072,현지,73
1073,2020,73
1074,으나,73
1075,이어지,73
1076,독점,73
1077,플랜,73
1078,대로,73
1079,무착륙,73
1080,이야기,73
1081,%(,72
1082,나섰,72
1083,이하,72
1084,김,72
1085,팀,72
1086,성과,72
1087,목표,72
1088,G,72
1089,씩,72
1090,택트,72
1091,능력,72
1092,의무,72
1093,수출,72
1094,확진,72
1095,무,72
1096,앤,71
1097,2021,71
1098,급감,71
1099,황,71
1100,시도,71
1101,일각,71
1102,참석,71
1103,인지,71
1104,비판,71
1105,지수,70
1106,만주,70
1107,취득,70
1108,높이,70
1109,차지,70
1110,설치,70
1111,인증,70
1112,질,70
1113,사이,70
1114,생활,70
1115,검사,70
1116,건전,70
1117,침체,69
1118,커머스,69
1119,끝,69
1120,간담회,69
1121,해결,69
1122,균등,69
1123,유증,69
1124,심문,69
1125,삼성전자,68
1126,알,68
1127,투명,68
1128,구,68
1129,추정,68
1130,공인,68
1131,200,68
1132,내달,68
1133,사건,68
1134,건강,68
1135,완화,68
1136,낼,68
1137,충족,68
1138,고통,68
1139,훈련,68
1140,어떻게,68
1141,선임,67
1142,고민,67
1143,CEO,67
1144,당사자,67
1145,방문,67
1146,점검,67
1147,후보,67
1148,의사,67
1149,나갈,67
1150,진정,67
1151,주택,67
1152,청구,67
1153,못했,66
1154,부진,66
1155,70,66
1156,부동산,66
1157,매매,66
1158,공동,66
1159,조강욱,66
1160,혈세,66
1161,주체,66
1162,외부,66
1163,이어질,65
1164,확충,65
1165,밟,65
1166,배,65
1167,갤럭시,65
1168,교육,65
1169,다면,65
1170,트,65
1171,돈,65
1172,소속,65
1173,프랑스,65
1174,특수,65
1175,면세,65
1176,늦,65
1177,화학,64
1178,56,64
1179,나설,64
1180,활성,64
1181,원칙,64
1182,집,64
1183,우수,64
1184,리스크,64
1185,연대,64
1186,기종,64
1187,제도,64
1188,양측,64
1189,먼,64
1190,마음,64
1191,차례,63
1192,단체,63
1193,매장,63
1194,도움,63
1195,내놓,63
1196,마포구,63
1197,지키,63
1198,자구,63
1199,유료,63
1200,불과,63
1201,아래,63
1202,독과점,63
1203,민간,62
1204,달리,62
1205,비슷,62
1206,언,62
1207,못,62
1208,처리,62
1209,녹색,62
1210,나선,62
1211,기재,62
1212,소상,62
1213,달하,61
1214,무급,61
1215,입점,61
1216,아야,61
1217,대면,61
1218,진단,61
1219,한다면,61
1220,매,61
1221,7000,61
1222,못한,61
1223,위험,61
1224,그러나,61
1225,감시,61
1226,?,61
1227,여행객,61
1228,"""(",60
1229,층,60
1230,전환사채,60
1231,유일,60
1232,임,60
1233,GS,60
1234,노출,60
1235,손해,60
1236,더불,60
1237,나올,60
1238,벌이,60
1239,담,60
1240,믹,60
1241,맺,60
1242,다며,60
1243,인상,60
1244,작용,60
1245,만약,60
1246,뜻,60
1247,인위,60
1248,내다봤,60
1249,영화,60
1250,포스트,59
1251,을지,59
1252,오히려,59
1253,제휴,59
1254,손,59
1255,편의,59
1256,박,59
1257,스타,59
1258,PEF,59
1259,총회,59
1260,결론,59
1261,공원,59
1262,출국,59
1263,역사,59
1264,어야,59
1265,싶,59
1266,종식,59
1267,무대,59
1268,국회,58
1269,회생,58
1270,소요,58
1271,삼,58
1272,비교,58
1273,얻,58
1274,동행,58
1275,FSC,58
1276,위치,58
1277,동의,58
1278,개조,58
1279,상영,58
1280,기여,58
1281,안팎,57
1282,밖,57
1283,주간,57
1284,정,57
1285,체험,57
1286,어느,57
1287,밝히,57
1288,포기,57
1289,약속,57
1290,분담,57
1291,일방,57
1292,보호,57
1293,무엇,57
1294,범위,57
1295,조성,57
1296,상승세,56
1297,플라자,56
1298,해지,56
1299,담당,56
1300,제출,56
1301,마지막,56
1302,팬데,56
1303,어도,56
1304,어서,56
1305,미주,56
1306,초대,56
1307,공,56
1308,납입,56
1309,수용,56
1310,음악,56
1311,자급,56
1312,했으며,55
1313,물량,55
1314,흐름,55
1315,채널,55
1316,시청,55
1317,힘,55
1318,전면,55
1319,공간,55
1320,분위기,55
1321,의원,55
1322,이뤄질,55
1323,갈,55
1324,인식,55
1325,수립,55
1326,봤,55
1327,부과,55
1328,홍콩,55
1329,대해선,55
1330,민사,55
1331,조기,55
1332,취소,54
1333,임금,54
1334,→,54
1335,맞춰,54
1336,실질,54
1337,전반,54
1338,기본,54
1339,당초,54
1340,시민,54
1341,오르,54
1342,어서다,54
1343,으로써,54
1344,전달,54
1345,IATA,54
1346,진,54
1347,캠핑,54
1348,셀,53
1349,53,53
1350,신세계,53
1351,거래소,53
1352,역,53
1353,이끌,53
1354,CJ,53
1355,위반,53
1356,심각,53
1357,많이,53
1358,재판부,53
1359,착륙,53
1360,사안,53
1361,파악,53
1362,국유,53
1363,관객,53
1364,상장,52
1365,면허,52
1366,줄어들,52
1367,본다,52
1368,생,52
1369,달한다,52
1370,내부,52
1371,세일,52
1372,선착순,52
1373,감축,52
1374,살,52
1375,부여,52
1376,자는,52
1377,지침,52
1378,최대현,52
1379,무역,52
1380,강세,52
1381,풀,52
1382,K,52
1383,컨소시엄,52
1384,교체,52
1385,편익,52
1386,일상,52
1387,중계,52
1388,33,51
1389,풀이,51
1390,보통주,51
1391,끌,51
1392,IT,51
1393,지주사,51
1394,려는,51
1395,목적지,51
1396,금리,51
1397,경험,51
1398,명분,51
1399,관람,51
1400,입장권,51
1401,유통,50
1402,코스닥,50
1403,꾸준히,50
1404,앞두,50
1405,반드시,50
1406,인데,50
1407,터,50
1408,김포,50
1409,수단,50
1410,보여,50
1411,차질,50
1412,신속,50
1413,된다면,50
1414,배제,50
1415,해석,50
1416,승무원,50
1417,소,50
1418,빅딜,50
1419,김진호,50
1420,rplkim,50
1421,IDT,50
1422,홍보,50
1423,아파트,50
1424,KBO,50
1425,운수,49
1426,상위,49
1427,채무,49
1428,듯,49
1429,과거,49
1430,타격,49
1431,마찬가지,49
1432,시리즈,49
1433,불발,49
1434,NH,49
1435,바란다,49
1436,매입,49
1437,방지,49
1438,항공권,49
1439,진입,49
1440,축소,49
1441,내일,49
1442,우호,49
1443,선행,49
1444,기념,49
1445,32,48
1446,단행,48
1447,석유,48
1448,6000,48
1449,2017,48
1450,사이트,48
1451,위축,48
1452,인터넷,48
1453,동원,48
1454,탑재,48
1455,감사,48
1456,도착,48
1457,비상,48
1458,배경,48
1459,구축,48
1460,돌입,48
1461,근로자,48
1462,충분,48
1463,박병희,48
1464,극장,48
1465,의약품,47
1466,81,47
1467,라면,47
1468,리스,47
1469,법정,47
1470,실행,47
1471,소통,47
1472,부장,47
1473,론,47
1474,본사,47
1475,적립,47
1476,드,47
1477,진행할,47
1478,냈,47
1479,영국,47
1480,변동,47
1481,자유,47
1482,마저,47
1483,면세품,47
1484,왕산,47
1485,테,47
1486,입찰,47
1487,체계,47
1488,수혜,47
1489,737,47
1490,t,47
1491,어치,47
1492,불구,47
1493,보증금,47
1494,배우,47
1495,누적,46
1496,이어,46
1497,매일,46
1498,빠르,46
1499,예측,46
1500,출범,46
1501,내렸,46
1502,본인,46
1503,바이오,46
1504,필수,46
1505,선언,46
1506,배달,46
1507,동반,45
1508,통상,45
1509,묻,45
1510,으면서,45
1511,반응,45
1512,유치,45
1513,앱,45
1514,실현,45
1515,조항,45
1516,종료,45
1517,당분간,45
1518,통보,45
1519,탑승수속,45
1520,연내,45
1521,사랑,45
1522,싱가포르,45
1523,정관,45
1524,합산,45
1525,순손실,45
1526,착수,45
1527,그레이스,45
1528,누구,45
1529,공방,45
1530,패키지,45
1531,전통,45
1532,당기,45
1533,노랑,45
1534,풍선,45
1535,팔,44
1536,삼성,44
1537,수주,44
1538,추세,44
1539,접수,44
1540,2016,44
1541,진출,44
1542,관,44
1543,46,44
1544,급증,44
1545,막대,44
1546,어떤,44
1547,취지,44
1548,버스,44
1549,동일,44
1550,돼야,44
1551,보고서,44
1552,느냐,44
1553,그리고,44
1554,으로서,44
1555,변수,44
1556,작,44
1557,실시간,44
1558,추석,44
1559,김철현,44
1560,예스,44
1561,레이스,44
1562,36,43
1563,41,43
1564,심,43
1565,유력,43
1566,정기,43
1567,트렌드,43
1568,모바일,43
1569,디지털,43
1570,몰,43
1571,장중,43
1572,유리,43
1573,지상,43
1574,의결,43
1575,근거,43
1576,48,43
1577,언론,43
1578,전제,43
1579,된다는,43
1580,서로,43
1581,수상,43
1582,배상,43
1583,대만,43
1584,절반,42
1585,예고,42
1586,백화점,42
1587,F,42
1588,코리아,42
1589,역대,42
1590,심리,42
1591,대전,42
1592,냐는,42
1593,거부,42
1594,골프장,42
1595,인정,42
1596,판사,42
1597,인도,42
1598,시일,42
1599,준,42
1600,컨설팅,42
1601,신뢰,42
1602,주민,42
1603,극단,42
1604,행동주의,42
1605,과제,42
1606,부당,42
1607,전혀,42
1608,신비,42
1609,내린,41
1610,나머지,41
1611,이명희,41
1612,세종,41
1613,공유,41
1614,77,41
1615,규정,41
1616,나타났,41
1617,발,41
1618,의혹,41
1619,PMI,41
1620,할지,41
1621,철저,41
1622,이러,41
1623,빠른,41
1624,답,41
1625,열리,41
1626,심의회,41
1627,쓰,41
1628,브리핑,41
1629,비행기,41
1630,된다고,41
1631,정몽규,41
1632,판매량,41
1633,미치,40
1634,모,40
1635,시킬,40
1636,선보인다,40
1637,특정,40
1638,클럽,40
1639,비해,40
1640,㈜,40
1641,주력,40
1642,연기,40
1643,파산,40
1644,각종,40
1645,이제,40
1646,정치,40
1647,맥스,40
1648,깊,40
1649,매우,40
1650,차량,40
1651,준수,40
1652,추천,40
1653,적절,40
1654,협조,40
1655,트래블,40
1656,버블,40
1657,살리,40
1658,유,40
1659,종사자,40
1660,세부,40
1661,라도,40
1662,스트리밍,40
1663,제네시스,40
1664,s,40
1665,도서,40
1666,예매처,40
1667,신주인수권,39
1668,결의,39
1669,어려울,39
1670,58,39
1671,유급,39
1672,모델,39
1673,니,39
1674,메,39
1675,가구,39
1676,밝힌,39
1677,MD,39
1678,리,39
1679,요인,39
1680,상품권,39
1681,!,39
1682,받아들이,39
1683,창출,39
1684,걸쳐,39
1685,전해졌,39
1686,지연,39
1687,대폭,39
1688,화이자,39
1689,가정,39
1690,한도,39
1691,거래법,39
1692,증대,39
1693,2019,39
1694,곧,39
1695,수출입,39
1696,쌓,39
1697,한계,39
1698,통신,39
1699,66,39
1700,권리,39
1701,언제,39
1702,생태,39
1703,즉시,39
1704,수순,39
1705,동영상,39
1706,카카오,38
1707,신한,38
1708,불안,38
1709,500,38
1710,늘어나,38
1711,권고,38
1712,오프라인,38
1713,자세,38
1714,엔터,38
1715,기능,38
1716,독일,38
1717,스포츠,38
1718,800,38
1719,지위,38
1720,얘기,38
1721,회수,38
1722,염두,38
1723,전세기,38
1724,MRO,38
1725,백,38
1726,갖추,38
1727,뉴딜,38
1728,신고,38
1729,사진,38
1730,퇴진,38
1731,체육,38
1732,카메라,38
1733,관광지,38
1734,북,38
1735,지주,37
1736,44,37
1737,마쳤,37
1738,소액,37
1739,인수자,37
1740,..,37
1741,차별,37
1742,프리미엄,37
1743,게임,37
1744,셋,37
1745,늘리,37
1746,형성,37
1747,불리,37
1748,해고,37
1749,네트워크,37
1750,권익,37
1751,서부,37
1752,다수,37
1753,수도,37
1754,접종,37
1755,휴업,37
1756,불가,37
1757,오늘,37
1758,직,37
1759,조현민,37
1760,이자,37
1761,허가,37
1762,정석,37
1763,EB,37
1764,반박,37
1765,재계,37
1766,조현아,37
1767,순차,37
1768,강성부,37
1769,창,37
1770,연출,37
1771,사업자,37
1772,폰,37
1773,아동,37
1774,복합,36
1775,공사,36
1776,공모,36
1777,미리,36
1778,67,36
1779,승계,36
1780,작성,36
1781,수전,36
1782,가진,36
1783,프로젝트,36
1784,COVID,36
1785,요건,36
1786,각국,36
1787,졌,36
1788,객실,36
1789,특성,36
1790,식,36
1791,재벌,36
1792,하이닉스,36
1793,께,36
1794,권한,36
1795,견제,36
1796,경쟁사,36
1797,관한,36
1798,스타트업,36
1799,통지,36
1800,'',36
1801,연휴,36
1802,소설,36
1803,68,35
1804,95,35
1805,설립,35
1806,철회,35
1807,주문,35
1808,긴,35
1809,단독,35
1810,쟁점,35
1811,롭,35
1812,기사,35
1813,만남,35
1814,규제,35
1815,도시,35
1816,경영자,35
1817,직후,35
1818,제대로,35
1819,체,35
1820,촉구,35
1821,수속,35
1822,근본,35
1823,출신,35
1824,장치,35
1825,마포,35
1826,장비,35
1827,고문,35
1828,하늘,35
1829,힘들,35
1830,상법,35
1831,바로,35
1832,이승련,35
1833,됨,35
1834,모르,35
1835,데이터,35
1836,이슈,35
1837,체질,35
1838,농협,35
1839,면담,35
1840,65,34
1841,협업,34
1842,C,34
1843,마케팅,34
1844,이뤄졌,34
1845,중소기업,34
1846,원료,34
1847,한정,34
1848,공감,34
1849,카테고리,34
1850,매물,34
1851,민주당,34
1852,부위원장,34
1853,희생,34
1854,준다,34
1855,알려,34
1856,컴퍼니,34
1857,스카이,34
1858,확약,34
1859,위원,34
1860,박삼구,34
1861,편리,34
1862,안건,34
1863,탄력,34
1864,오랜,34
1865,뉴욕,34
1866,조차,34
1867,그동안,34
1868,주로,34
1869,강행,34
1870,37,34
1871,계산,34
1872,존재,34
1873,선수,34
1874,든,34
1875,체크,34
1876,페스티벌,34
1877,수산물,34
1878,전기,33
1879,시가총액,33
1880,공장,33
1881,종가,33
1882,예,33
1883,선제,33
1884,계기,33
1885,이뤄,33
1886,콘텐츠,33
1887,매년,33
1888,확장,33
1889,국장,33
1890,려,33
1891,통과,33
1892,시험장,33
1893,금,33
1894,돌아오,33
1895,원장,33
1896,보관,33
1897,재점검,33
1898,사유,33
1899,가동,33
1900,다면서,33
1901,학교,33
1902,후원,33
1903,PC,33
1904,세금,33
1905,표명,33
1906,과징금,33
1907,순이익,33
1908,회동,33
1909,  ,32
1910,다가,32
1911,탓,32
1912,유입,32
1913,완전,32
1914,애경그룹,32
1915,2015,32
1916,중순,32
1917,올리,32
1918,대학,32
1919,개시,32
1920,수석,32
1921,9000,32
1922,당일,32
1923,주인,32
1924,갈등,32
1925,고수,32
1926,소재,32
1927,경장,32
1928,마다,32
1929,취임,32
1930,대통령,32
1931,연간,32
1932,제철,32
1933,직격탄,32
1934,사상,32
1935,다소,32
1936,슈,32
1937,답했,32
1938,납부,32
1939,모아,32
1940,당부,32
1941,형태,32
1942,전장,32
1943,창작,32
1944,EMK,32
1945,모차르트,32
1946,어린이,32
1947,아몬드,32
1948,신약,32
1949,동향,31
1950,49,31
1951,눈,31
1952,대구,31
1953,52,31
1954,해졌,31
1955,성수기,31
1956,회계,31
1957,75,31
1958,원인,31
1959,의문,31
1960,대상자,31
1961,최대한,31
1962,그럼에도,31
1963,차등,31
1964,탑승권,31
1965,제약,31
1966,기구,31
1967,덜,31
1968,도약,31
1969,붙,31
1970,LH,31
1971,반납,31
1972,배치,31
1973,상향,31
1974,둘러싼,31
1975,아무런,31
1976,오를,31
1977,임박,31
1978,충실히,31
1979,출자,31
1980,스마트,31
1981,역세,31
1982,하향,31
1983,드라마,31
1984,국내외,30
1985,지배력,30
1986,최악,30
1987,유출,30
1988,둔,30
1989,해진,30
1990,집행,30
1991,식품,30
1992,소개,30
1993,중소,30
1994,진다,30
1995,걸,30
1996,39,30
1997,공문,30
1998,프로,30
1999,보급,30
2000,관건,30
2001,시급,30
2002,토대,30
2003,극대,30
2004,양국,30
2005,대유행,30
2006,델타,30
2007,시범,30
2008,온도,30
2009,천,30
2010,실제로,30
2011,재차,30
2012,꼽힌다,30
2013,TF,30
2014,시내,30
2015,김현민,30
2016,kimhyun,30
2017,새롭,30
2018,입니다,30
2019,계약서,30
2020,ㆍ,30
2021,관광업,30
2022,힘든,30
2023,한시,30
2024,마일,30
2025,극,30
2026,리스트,30
2027,앨범,30
2028,콘서트,30
2029,초연,30
2030,97,29
2031,62,29
2032,창고,29
2033,자동차,29
2034,83,29
2035,차입,29
2036,대여,29
2037,자본금,29
2038,등장,29
2039,노동부,29
2040,시나리오,29
2041,임원,29
2042,잠정,29
2043,개국,29
2044,려면,29
2045,정혜원,29
2046,케이,29
2047,심화,29
2048,증권사,29
2049,노사,29
2050,안내,29
2051,로운,29
2052,지부,29
2053,독자,29
2054,주일,29
2055,행정,29
2056,됐으며,29
2057,단순,29
2058,증명,29
2059,무시,29
2060,물,29
2061,원점,29
2062,38,29
2063,가이드,29
2064,사내,29
2065,장애,29
2066,채권자,29
2067,검찰,29
2068,투데이,29
2069,기계,29
2070,종속,29
2071,구도,29
2072,소집,29
2073,설정,29
2074,국책은행,29
2075,팩,29
2076,러시아,29
2077,ENM,29
2078,세중,29
2079,곡,29
2080,35,28
2081,보증,28
2082,애경,28
2083,판결,28
2084,72,28
2085,늘어난,28
2086,세대,28
2087,대우건설,28
2088,돌파,28
2089,p,28
2090,냉동,28
2091,나왔,28
2092,역량,28
2093,높였,28
2094,선보이,28
2095,액,28
2096,스럽,28
2097,소유,28
2098,향상,28
2099,표,28
2100,파트,28
2101,600,28
2102,후생,28
2103,일시,28
2104,인가,28
2105,요금,28
2106,강서구,28
2107,얼마나,28
2108,수혈,28
2109,힘입,28
2110,키트,28
2111,치열,28
2112,면제,28
2113,친환경,28
2114,답변,28
2115,거듭,28
2116,슬롯,28
2117,이른바,28
2118,백기사,28
2119,단과,28
2120,취항,28
2121,인터뷰,28
2122,베스트,28
2123,매수세,28
2124,표현,28
2125,학생,28
2126,캐,28
2127,유튜브,28
2128,학습,28
2129,요금제,28
2130,컨버전스,28
2131,63,27
2132,기조,27
2133,저조,27
2134,배당,27
2135,경영난,27
2136,42,27
2137,줄어든,27
2138,교통,27
2139,나타나,27
2140,페이,27
2141,빅,27
2142,열린다,27
2143,화장품,27
2144,상당히,27
2145,증정,27
2146,쿠팡,27
2147,보험,27
2148,부회장,27
2149,이름,27
2150,기한,27
2151,업사,27
2152,예외,27
2153,최우선,27
2154,SPA,27
2155,호소,27
2156,국,27
2157,건의,27
2158,해진다,27
2159,주관,27
2160,급,27
2161,의결권,27
2162,CB,27
2163,헬기,27
2164,연일,27
2165,외항,27
2166,나아가,27
2167,선회,27
2168,정당,27
2169,ANDA,27
2170,판,27
2171,보내,27
2172,차이,27
2173,반기,27
2174,지도,27
2175,주당,27
2176,무효,27
2177,기억,27
2178,예방,27
2179,일선,27
2180,상용,27
2181,최적,27
2182,보전,27
2183,세이버,27
2184,문체,27
2185,이코노미,27
2186,350,27
2187,51,26
2188,71,26
2189,떨어진,26
2190,모회사,26
2191,저렴,26
2192,미지수,26
2193,패션,26
2194,Z,26
2195,나선다,26
2196,김해,26
2197,수수료,26
2198,다르,26
2199,조업,26
2200,냐,26
2201,추첨,26
2202,법률,26
2203,맞교환,26
2204,수하물,26
2205,혐의,26
2206,청,26
2207,생명,26
2208,간접,26
2209,하청,26
2210,전원,26
2211,보스턴,26
2212,보수,26
2213,동체,26
2214,종,26
2215,98,26
2216,일환,26
2217,넘기,26
2218,드라이아이스,26
2219,777,26
2220,선도,26
2221,감염,26
2222,부정,26
2223,밀실,26
2224,컨,26
2225,드리,26
2226,나타냈,26
2227,백지,26
2228,㎡,26
2229,미흡,26
2230,추후,26
2231,재택근무,26
2232,체육관,26
2233,광부,26
2234,인구,26
2235,오름세,26
2236,실황,26
2237,연극제,26
2238,47,25
2239,배출,25
2240,신설,25
2241,이마트,25
2242,BW,25
2243,한데,25
2244,고비,25
2245,산하,25
2246,크리스마스,25
2247,보안,25
2248,연,25
2249,외국,25
2250,위주,25
2251,선보일,25
2252,반복,25
2253,자녀,25
2254,호,25
2255,접근,25
2256,유명,25
2257,사정,25
2258,민주,25
2259,오너,25
2260,지점,25
2261,소진,25
2262,주말,25
2263,스위트,25
2264,넣,25
2265,기다리,25
2266,빚,25
2267,구입,25
2268,병원,25
2269,물류,25
2270,초기,25
2271,현행,25
2272,유사,25
2273,격상,25
2274,소장,25
2275,개혁,25
2276,수소,25
2277,만료,25
2278,조립,25
2279,월드,25
2280,컨테이너,25
2281,임대,25
2282,맞춤,25
2283,제거,25
2284,스케줄,25
2285,철저히,25
2286,터미널,25
2287,이륙,25
2288,불안감,25
2289,그대로,25
2290,거의,25
2291,정식,25
2292,약세,25
2293,워킹,25
2294,인물,25
2295,설,25
2296,까닭,25
2297,따라서,25
2298,운명,25
2299,사재,25
2300,정무,25
2301,중대,25
2302,타워,25
2303,여러분,25
2304,질권,25
2305,구독,25
2306,덕,24
2307,57,24
2308,45,24
2309,1300,24
2310,트리,24
2311,이사회,24
2312,커질,24
2313,구하,24
2314,촉진,24
2315,반도체,24
2316,수장,24
2317,시켜,24
2318,타깃,24
2319,현대차,24
2320,네,24
2321,참가,24
2322,인하,24
2323,일단,24
2324,프,24
2325,동물,24
2326,연구소,24
2327,실내,24
2328,마스크,24
2329,통화,24
2330,무료,24
2331,돕,24
2332,직전,24
2333,회의체,24
2334,재단,24
2335,일괄,24
2336,떨어지,24
2337,강력,24
2338,군,24
2339,보통,24
2340,타개,24
2341,수송량,24
2342,국제항공,24
2343,85,24
2344,이외,24
2345,아메리칸,24
2346,과잉,24
2347,외형,24
2348,이미지,24
2349,처한,24
2350,경영학,24
2351,만드,24
2352,벗어나,24
2353,부처,24
2354,배민,24
2355,발송,24
2356,무게,24
2357,연계,24
2358,발언,24
2359,복귀,24
2360,붕괴,24
2361,주년,24
2362,가상,24
2363,여권,24
2364,늘어날,24
2365,우리나라,24
2366,느낄,24
2367,출입국,24
2368,재무제표,24
2369,샵,24
2370,홈런,24
2371,54,23
2372,점차,23
2373,자기,23
2374,토지,23
2375,분류,23
2376,모색,23
2377,재정,23
2378,거치,23
2379,수원,23
2380,동참,23
2381,홈,23
2382,디자인,23
2383,흡수,23
2384,장기간,23
2385,기초,23
2386,전일,23
2387,걸림돌,23
2388,갔,23
2389,유감,23
2390,쪽,23
2391,피해자,23
2392,걱정,23
2393,특가,23
2394,육박,23
2395,만난,23
2396,정해진,23
2397,소형,23
2398,줬,23
2399,구간,23
2400,석화,23
2401,라운지,23
2402,페이지,23
2403,리무진,23
2404,유휴,23
2405,MOU,23
2406,LA,23
2407,대체,23
2408,김상도,23
2409,동남아,23
2410,꼽,23
2411,금요일,23
2412,질문,23
2413,편입,23
2414,해선,23
2415,나온,23
2416,구안,23
2417,EU,23
2418,도모,23
2419,부각,23
2420,통폐합,23
2421,국면,23
2422,시험,23
2423,명령,23
2424,왜,23
2425,드림,23
2426,바이든,23
2427,미만,23
2428,미얀마,23
2429,개입,23
2430,내리,23
2431,투기,23
2432,사외,23
2433,KGGI,23
2434,76,23
2435,에어포트,23
2436,그런,23
2437,스토리,23
2438,투,23
2439,인텔,23
2440,메모리,23
2441,서적,23
2442,누리집,23
2443,KB,22
2444,가까이,22
2445,승진,22
2446,젊,22
2447,기울이,22
2448,중간,22
2449,마트,22
2450,반등,22
2451,품목,22
2452,위생,22
2453,근무,22
2454,과도,22
2455,적합,22
2456,소폭,22
2457,회견,22
2458,가까운,22
2459,들어가,22
2460,의료,22
2461,삭감,22
2462,사업장,22
2463,순환,22
2464,높일,22
2465,2008,22
2466,철도,22
2467,찬성,22
2468,통해서,22
2469,방영,22
2470,기타,22
2471,회의소,22
2472,조양호,22
2473,과연,22
2474,ANA,22
2475,E,22
2476,여지,22
2477,합치,22
2478,산정,22
2479,개별,22
2480,성능,22
2481,알려져,22
2482,900,22
2483,성수,22
2484,독립,22
2485,예비,22
2486,글,22
2487,가입,22
2488,항공대,22
2489,얼라이언스,22
2490,원만,22
2491,초반,22
2492,전액,22
2493,홍,22
2494,분양,22
2495,웹,22
2496,미스터,22
2497,문학,22
2498,아트,22
2499,잼,22
2500,애니메이션,22
2501,엑스칼리버,22
2502,알고리즘,22
2503,왕서,22
2504,피아노,22
2505,떡볶이,22
2506,자율,21
2507,황선중,21
2508,sunjay,21
2509,송,21
2510,못할,21
2511,상무,21
2512,스스로,21
2513,주식회사,21
2514,횟수,21
2515,선점,21
2516,흥행,21
2517,자원,21
2518,55,21
2519,홀,21
2520,악재,21
2521,령,21
2522,파기,21
2523,내수,21
2524,의식,21
2525,익위,21
2526,획득,21
2527,임명,21
2528,2010,21
2529,설계,21
2530,루프트한자,21
2531,허브,21
2532,조절,21
2533,중구,21
2534,무려,21
2535,이견,21
2536,므로,21
2537,종로구,21
2538,꼬집,21
2539,북한,21
2540,몇,21
2541,견인,21
2542,CEIV,21
2543,Pharma,21
2544,혹은,21
2545,훼손,21
2546,대립,21
2547,회복세,21
2548,계획안,21
2549,선보였,21
2550,이것,21
2551,이틀,21
2552,토요일,21
2553,그랜드,21
2554,영역,21
2555,눈높이,21
2556,요소,21
2557,얼마,21
2558,인건비,21
2559,용객,21
2560,파라다이스,21
2561,쓸,21
2562,전례,21
2563,합의서,21
2564,중립,21
2565,클,21
2566,복수,21
2567,성명서,21
2568,유효,21
2569,이해관계,21
2570,웰,21
2571,교보문고,21
2572,허희영,21
2573,92,21
2574,안다,21
2575,게이트,21
2576,자동,21
2577,네트,21
2578,개막,21
2579,출판,21
2580,정규,21
2581,스카이라인,21
2582,익스,21
2583,피디아,21
2584,매도,20
2585,살펴보,20
2586,기아차,20
2587,43,20
2588,부사,20
2589,1600,20
2590,케어,20
2591,제조,20
2592,실권주,20
2593,1700,20
2594,접촉,20
2595,활발히,20
2596,간편,20
2597,송출,20
2598,앞둔,20
2599,눈길,20
2600,자격,20
2601,상권,20
2602,얼,20
2603,강하,20
2604,빨리,20
2605,지하,20
2606,120,20
2607,이뤄지지,20
2608,내놨,20
2609,자문,20
2610,단위,20
2611,물품,20
2612,하늘길,20
2613,고발,20
2614,침해,20
2615,너스,20
2616,운행,20
2617,키로,20
2618,객,20
2619,윤,20
2620,라인,20
2621,충격,20
2622,09,20
2623,한화투자증권,20
2624,태도,20
2625,품질,20
2626,파,20
2627,카고,20
2628,싱,20
2629,꼽히,20
2630,약정,20
2631,멘,20
2632,털,20
2633,노하우,20
2634,복잡,20
2635,보건,20
2636,미칠,20
2637,이내,20
2638,해질,20
2639,상업,20
2640,월요일,20
2641,합쳐,20
2642,엔진,20
2643,든지,20
2644,절박,20
2645,유한회사,20
2646,사라지,20
2647,감시자,20
2648,지주회사,20
2649,마땅,20
2650,테스트,20
2651,배포,20
2652,균형,20
2653,재난,20
2654,질의,20
2655,나타날,20
2656,KDBI,20
2657,승소,20
2658,패소,20
2659,떠안,20
2660,조건부,20
2661,어떠,20
2662,동맹,20
2663,강한,20
2664,탑승객,20
2665,후쿠오카,20
2666,마이너스,20
2667,-),20
2668,단인,20
2669,즐기,20
2670,돌려받,20
2671,강릉,20
2672,포항,20
2673,낸드,20
2674,매도인,20
2675,수탁,20
2676,직구,20
2677,렌터카,20
2678,종시,20
2679,상점,20
2680,펫,20
2681,연주,20
2682,인간,20
2683,공부,20
2684,00,19
2685,카지노,19
2686,띄,19
2687,89,19
2688,180,19
2689,청약,19
2690,유가증권,19
2691,떨어졌,19
2692,조합,19
2693,팀장,19
2694,새로,19
2695,움직임,19
2696,불편,19
2697,2014,19
2698,광고,19
2699,관광객,19
2700,1500,19
2701,현상,19
2702,지표,19
2703,법무,19
2704,한화,19
2705,니즈,19
2706,어려워,19
2707,즐길,19
2708,뛰,19
2709,전량,19
2710,통,19
2711,캐릭터,19
2712,메시지,19
2713,수정,19
2714,수여,19
2715,나눔,19
2716,상생,19
2717,패스,19
2718,유나이티,19
2719,스위스,19
2720,잃,19
2721,유행,19
2722,고시,19
2723,바닥,19
2724,면밀히,19
2725,로써,19
2726,피,19
2727,액면,19
2728,엄선,19
2729,만족,19
2730,조속,19
2731,알짜,19
2732,전해,19
2733,위해선,19
2734,시드니,19
2735,력,19
2736,인정받,19
2737,전담,19
2738,탑,19
2739,초청,19
2740,키우,19
2741,등록,19
2742,산적,19
2743,59,19
2744,부상,19
2745,모닝,19
2746,수리,19
2747,학부,19
2748,참고,19
2749,감,19
2750,엠,19
2751,출자전환,19
2752,내릴,19
2753,추산,19
2754,악영향,19
2755,벤처,19
2756,명확,19
2757,보인,19
2758,니스,19
2759,누릴,19
2760,민감,19
2761,대선,19
2762,왕,19
2763,롯데호텔,19
2764,부총리,19
2765,발열,19
2766,장점,19
2767,용인,19
2768,조만간,19
2769,반려,19
2770,숲,19
2771,박영선,19
2772,34,18
2773,2023,18
2774,희석,18
2775,주변,18
2776,컸,18
2777,처,18
2778,는다면,18
2779,69,18
2780,그만큼,18
2781,자치,18
2782,2009,18
2783,시킨,18
2784,경,18
2785,바뀌,18
2786,조짐,18
2787,이른다,18
2788,물질,18
2789,실무,18
2790,개정,18
2791,전이,18
2792,세트,18
2793,보냈,18
2794,끊,18
2795,경고,18
2796,형사,18
2797,영위,18
2798,상당수,18
2799,칸,18
2800,북미,18
2801,오가,18
2802,이례,18
2803,초래,18
2804,검증,18
2805,본질,18
2806,기업인,18
2807,표준,18
2808,자고,18
2809,호조,18
2810,그쳤,18
2811,쏟,18
2812,신중,18
2813,℃,18
2814,제작사,18
2815,2022,18
2816,시상식,18
2817,포털,18
2818,개척,18
2819,출혈,18
2820,이어졌,18
2821,난관,18
2822,연금,18
2823,여의도,18
2824,수차례,18
2825,읽,18
2826,레터,18
2827,조언,18
2828,증가세,18
2829,땅,18
2830,의한,18
2831,충당,18
2832,다툼,18
2833,완성,18
2834,복지,18
2835,여력,18
2836,성폭력,18
2837,성희롱,18
2838,지지,18
2839,강요,18
2840,윈,18
2841,광주,18
2842,꼭,18
2843,존폐,18
2844,급락,18
2845,위협,18
2846,미재,18
2847,스러운,18
2848,결단,18
2849,숙련,18
2850,걸릴,18
2851,경감,18
2852,분명히,18
2853,끝나,18
2854,주류,18
2855,편성,18
2856,세기,18
2857,CC,18
2858,1151,18
2859,라임,18
2860,융합,18
2861,무이자,18
2862,BTS,18
2863,↓),18
2864,스펙트럼,18
2865,돔,18
2866,플레이오프,18
2867,동굴,18
2868,관람객,18
2869,미술,18
2870,해수부,18
2871,화소,18
2872,SM,18
2873,NCT,18
2874,DREAM,18
2875,종이,17
2876,건설업,17
2877,96,17
2878,64,17
2879,순매도,17
2880,현황,17
2881,61,17
2882,분할,17
2883,당사,17
2884,가액,17
2885,줄일,17
2886,불황,17
2887,지나,17
2888,영,17
2889,핫,17
2890,창업,17
2891,시켰,17
2892,기기,17
2893,바라,17
2894,노총,17
2895,대책위,17
2896,지시,17
2897,배분,17
2898,응모,17
2899,787,17
2900,320,17
2901,제동,17
2902,재산,17
2903,인근,17
2904,인천공항공사,17
2905,경비,17
2906,거세,17
2907,정확,17
2908,봐야,17
2909,재정부,17
2910,공업,17
2911,수월,17
2912,나와,17
2913,마치,17
2914,님,17
2915,밀,17
2916,91,17
2917,지언,17
2918,조금,17
2919,발굴,17
2920,기체,17
2921,주제,17
2922,삶,17
2923,오해,17
2924,이착륙,17
2925,커,17
2926,어쩌면,17
2927,부서,17
2928,서울대,17
2929,2011,17
2930,이용객,17
2931,원대,17
2932,지킬,17
2933,금번,17
2934,적법,17
2935,조속히,17
2936,거절,17
2937,교류,17
2938,내년도,17
2939,경신,17
2940,Inc,17
2941,차익,17
2942,명목,17
2943,DICC,17
2944,특징,17
2945,은행장,17
2946,구청장,17
2947,회관,17
2948,합니다,17
2949,스카이팀,17
2950,올렸,17
2951,생생,17
2952,발제,17
2953,특급,17
2954,지출,17
2955,으론,17
2956,위약금,17
2957,계좌,17
2958,영화관,17
2959,수칙,17
2960,엔딩,17
2961,우주,17
2962,익,17
2963,1200,17
2964,올라,17
2965,강원랜드,17
2966,션,17
2967,휴가,17
2968,바다,17
2969,대사,17
2970,등교,17
2971,대중,17
2972,환경부,17
2973,친구,17
2974,비밀,17
2975,해피,17
2976,삼성물산,16
2977,87,16
2978,테마,16
2979,에너지,16
2980,94,16
2981,전후,16
2982,환불,16
2983,행,16
2984,몸집,16
2985,각기,16
2986,위함,16
2987,신임,16
2988,여성,16
2989,촬영,16
2990,H,16
2991,은데,16
2992,특화,16
2993,블랙,16
2994,SNS,16
2995,집단,16
2996,키,16
2997,종류,16
2998,돌아가,16
2999,행태,16
