Date,Open,High,Low,Close,Volume,Change,5Days,10Days,20Days,60Days,120Days,emotion,count
2017-01-02,67000,68100,67000,67400,6493,-0.010279001,69920,70860,70490,69200,67301.66667,0,0
2017-01-03,67400,68100,65800,66300,29974,-0.016320475,68780,70320,70335,69201.66667,67330.83333,0,0
2017-01-04,66300,66500,64600,64600,43344,-0.025641026,67120,69580,70090,69163.33333,67335.83333,1,5
2017-01-05,64700,65200,64200,64800,29496,0.003095975,66240,68870,69850,69130,67344.16667,0,0
2017-01-06,64500,65300,64300,64900,11462,0.00154321,65600,68200,69595,69101.66667,67350,0,0
2017-01-09,65000,65300,64500,64800,9150,-0.001540832,65080,67500,69320,69065,67353.33333,0,0
2017-01-10,64800,64900,64200,64500,11581,-0.00462963,64720,66750,69000,69026.66667,67342.5,0,0
2017-01-11,64600,65900,64200,64400,14930,-0.001550388,64680,65900,68710,68981.66667,67329.16667,0,0
2017-01-12,64800,65100,64000,65000,17120,0.00931677,64720,65480,68485,68935,67319.16667,0,0
2017-01-13,65300,65700,64900,65500,7902,0.007692308,64840,65220,68235,68891.66667,67315,0,0
2017-01-16,65900,65900,64600,64900,9601,-0.009160305,64860,64970,67915,68820,67305.83333,0,0
2017-01-17,64900,65300,63700,64200,21719,-0.010785824,64800,64760,67540,68721.66667,67295.83333,-1,1
2017-01-18,64200,65500,63800,65500,20622,0.020249221,65020,64850,67215,68661.66667,67290,0,0
2017-01-19,64800,66000,64800,65900,11024,0.00610687,65200,64960,66915,68625,67286.66667,1,1
2017-01-20,65900,66800,65800,66500,11021,0.009104704,65400,65120,66660,68586.66667,67286.66667,1,1
2017-01-23,66800,66800,66100,66400,5738,-0.001503759,65700,65280,66390,68551.66667,67280.83333,0,0
2017-01-24,66800,66800,65400,66200,6388,-0.003012048,66100,65450,66100,68505,67272.5,0,0
2017-01-25,66600,66600,65800,66000,5675,-0.003021148,66200,65610,65755,68433.33333,67269.16667,0,0
2017-01-26,66200,66700,65800,66400,6756,0.006060606,66300,65750,65615,68386.66667,67276.66667,-1,3
2017-01-31,66100,67300,65800,66500,4430,0.001506024,66300,65850,65535,68336.66667,67273.33333,0,0
2017-02-01,66500,66900,65900,66800,4414,0.004511278,66380,66040,65505,68320,67268.33333,0,0
2017-02-02,67100,67100,65800,66100,6032,-0.010479042,66360,66230,65495,68295,67262.5,0,0
2017-02-03,66500,66500,65000,65300,9482,-0.012102874,66220,66210,65530,68240,67255.83333,0,0
2017-02-06,65200,66000,64100,64500,13366,-0.012251149,65840,66070,65515,68203.33333,67234.16667,0,0
2017-02-07,64500,64500,64100,64100,10896,-0.00620155,65360,65830,65475,68123.33333,67203.33333,0,0
2017-02-08,64200,64200,63900,64000,10901,-0.001560062,64800,65590,65435,68040,67171.66667,0,0
2017-02-09,64100,64900,64100,64800,4626,0.0125,64540,65450,65450,67965,67149.16667,0,0
2017-02-10,64900,65100,64600,64600,4611,-0.00308642,64400,65310,65460,67883.33333,67132.5,1,2
2017-02-13,65000,65200,64600,65100,5570,0.007739938,64520,65180,65465,67803.33333,67120,0,0
2017-02-14,65000,66900,65000,66500,25347,0.021505376,65000,65180,65515,67746.66667,67120.83333,0,0
2017-02-15,66600,66900,66100,66400,10890,-0.001503759,65480,65140,65590,67696.66667,67132.5,0,0
2017-02-16,66400,66400,65300,65500,10639,-0.013554217,65620,65080,65655,67641.66667,67140,-1,1
2017-02-17,65200,66400,64900,65600,7952,0.001526718,65820,65110,65660,67590,67150,-1,1
2017-02-20,65700,65700,64900,65200,1583,-0.006097561,65840,65180,65625,67533.33333,67155.83333,0,0
2017-02-21,65300,66000,65100,65800,4782,0.009202454,65700,65350,65590,67481.66667,67168.33333,0,0
2017-02-22,66500,66500,65500,66200,8047,0.006079027,65660,65570,65580,67433.33333,67194.16667,0,0
2017-02-23,65800,66400,65500,66000,6430,-0.003021148,65760,65690,65570,67378.33333,67219.16667,0,0
2017-02-24,66500,66500,65700,66200,6224,0.003030303,65880,65850,65580,67330,67232.5,0,0
2017-02-27,66400,66400,66000,66400,2492,0.003021148,66120,65980,65580,67276.66667,67250.83333,0,0
2017-02-28,66500,66800,66000,66500,8530,0.001506024,66260,65980,65580,67230,67272.5,0,0
2017-03-02,67000,67100,66200,66400,12233,-0.001503759,66300,65980,65560,67185,67293.33333,0,0
2017-03-03,66600,66600,65600,65900,12911,-0.00753012,66280,66020,65550,67126.66667,67311.66667,0,0
2017-03-06,65900,66500,65800,65900,6664,0,66220,66050,65580,67066.66667,67330.83333,0,0
2017-03-07,66400,66400,65700,65900,7820,0,66120,66120,65650,67005,67346.66667,0,0
2017-03-08,66400,66400,65600,65900,9073,0,66000,66130,65740,66936.66667,67365.83333,1,1
2017-03-09,66200,66200,65300,65900,14006,0,65900,66100,65835,66863.33333,67384.16667,-1,2
2017-03-10,65900,66000,65300,65500,6809,-0.006069803,65820,66050,65870,66773.33333,67400,0,0
2017-03-13,65900,65900,64300,64900,21574,-0.009160305,65620,65920,65885,66685,67409.16667,0,0
2017-03-14,65300,65300,64600,64900,9359,0,65420,65770,65875,66608.33333,67415,0,0
2017-03-15,64900,65300,64700,64800,9497,-0.001540832,65200,65600,65790,66513.33333,67419.16667,0,0
2017-03-16,64900,65100,64500,64600,11412,-0.00308642,64940,65420,65700,66401.66667,67416.66667,0,0
2017-03-17,64800,64900,64400,64600,11108,0,64760,65290,65655,66283.33333,67399.16667,1,2
2017-03-20,65000,65800,64600,65600,8680,0.015479876,64900,65260,65655,66176.66667,67390,0,0
2017-03-21,65200,66100,65200,65900,9156,0.004573171,65100,65260,65690,66076.66667,67380,0,0
2017-03-22,65900,66100,65300,65800,15899,-0.001517451,65300,65250,65690,65980,67374.16667,0,0
2017-03-23,66000,66100,65400,66000,8755,0.003039514,65580,65260,65680,65883.33333,67369.16667,0,0
2017-03-24,66100,66100,65600,65900,7268,-0.001515152,65840,65300,65675,65781.66667,67370.83333,0,0
2017-03-27,65600,65900,65200,65400,10049,-0.007587253,65800,65350,65635,65656.66667,67363.33333,0,0
2017-03-28,65800,66300,65400,65900,17726,0.00764526,65800,65450,65610,65601.66667,67363.33333,0,0
2017-03-29,66200,67500,65800,67000,25108,0.016691958,66040,65670,65635,65583.33333,67374.16667,0,0
2017-03-30,67000,67500,66700,67000,13707,0,66240,65910,65665,65576.66667,67388.33333,0,0
2017-03-31,66700,67200,66600,66900,6357,-0.001492537,66440,66140,65715,65586.66667,67394.16667,0,0
2017-04-03,66800,66900,65700,66000,17248,-0.013452915,66560,66180,65720,65610,67386.66667,0,0
2017-04-04,66200,66700,65800,66600,6726,0.009090909,66700,66250,65755,65640,67385,0,0
2017-04-05,66800,66900,65900,66000,7641,-0.009009009,66500,66270,65760,65658.33333,67380,0,0
2017-04-06,66000,66600,66000,66600,4362,0.009090909,66420,66330,65795,65688.33333,67376.66667,0,0
2017-04-07,66600,66800,66100,66400,4047,-0.003003003,66320,66380,65840,65720,67373.33333,0,0
2017-04-10,66200,66900,66000,66600,11210,0.003012048,66440,66500,65925,65756.66667,67369.16667,0,0
2017-04-11,66300,66800,66300,66800,10940,0.003003003,66480,66590,66020,65786.66667,67360.83333,0,0
2017-04-12,66500,66800,66200,66700,12032,-0.001497006,66620,66560,66115,65806.66667,67349.16667,0,0
2017-04-13,66700,66900,66400,66800,11572,0.00149925,66660,66540,66225,65838.33333,67329.16667,0,0
2017-04-14,66500,66900,66400,66800,8489,0,66740,66530,66335,65881.66667,67301.66667,0,0
2017-04-17,66800,66900,66400,66700,6881,-0.001497006,66760,66600,66390,65901.66667,67281.66667,0,0
2017-04-18,66900,66900,66500,66700,9573,0,66740,66610,66430,65915,67270,0,0
2017-04-19,66800,67500,66500,67400,14254,0.010494753,66880,66750,66510,65930,67258.33333,0,0
2017-04-20,67400,68300,67000,68000,12954,0.008902077,67120,66890,66610,65956.66667,67254.16667,0,0
2017-04-21,68000,68700,67700,68700,15404,0.010294118,67500,67120,66750,65998.33333,67251.66667,0,0
2017-04-24,68900,69900,68500,69700,24376,0.014556041,68100,67430,66965,66060,67246.66667,0,0
2017-04-25,69900,71200,69700,71000,27437,0.018651363,68960,67850,67220,66136.66667,67261.66667,0,0
2017-04-26,71100,71100,70000,70100,18856,-0.012676056,69500,68190,67375,66196.66667,67266.66667,1,1
2017-04-27,70000,71000,70000,70500,12284,0.005706134,70000,68560,67550,66258.33333,67289.16667,1,1
2017-04-28,70500,70900,70100,70600,12013,0.00141844,70380,68940,67735,66333.33333,67314.16667,0,0
2017-05-02,70600,70700,69900,70600,8291,0,70560,69330,67965,66421.66667,67330.83333,0,0
2017-05-04,69500,70400,68800,69900,27395,-0.009915014,70340,69650,68130,66511.66667,67357.5,-1,1
2017-05-08,69300,71100,68700,70800,47800,0.012875536,70480,69990,68370,66623.33333,67373.33333,0,0
2017-05-10,70700,70800,69700,69700,15144,-0.015536723,70320,70160,68525,66718.33333,67379.16667,0,0
2017-05-11,69600,70800,69600,70700,9954,0.014347202,70340,70360,68740,66816.66667,67390.83333,0,0
2017-05-12,70700,72800,70300,72200,29718,0.021216407,70660,70610,69020,66943.33333,67413.33333,0,0
2017-05-15,72600,72900,71900,72200,18458,0,71120,70730,69290,67061.66667,67432.5,0,0
2017-05-16,72700,73000,72100,72400,15141,0.002770083,71440,70960,69575,67160,67453.33333,0,0
2017-05-17,72000,74100,72000,74100,21841,0.023480663,72320,71320,69940,67288.33333,67492.5,0,0
2017-05-18,73500,74900,72600,74200,26369,0.001349528,73020,71680,70310,67433.33333,67537.5,1,1
2017-05-19,74500,74600,72400,72900,14296,-0.017520216,73160,71910,70620,67555,67572.5,0,0
2017-05-22,73700,73700,71400,72100,19823,-0.010973937,73140,72130,70890,67670,67601.66667,0,1
2017-05-23,71900,73500,71800,72800,14727,0.009708738,73220,72330,71160,67786.66667,67634.16667,1,4
2017-05-24,73500,73700,72600,72800,16923,0,72960,72640,71400,67896.66667,67665,0,0
2017-05-25,72500,76500,72500,76300,29557,0.048076923,73380,73200,71780,68068.33333,67723.33333,0,0
2017-05-26,76200,76200,74100,75100,14821,-0.015727392,73820,73490,72050,68216.66667,67773.33333,0,0
2017-05-29,75100,75500,74200,75100,10368,0,74420,73780,72255,68361.66667,67819.16667,0,0
2017-05-30,74500,75800,74500,75400,15895,0.003994674,74940,74080,72520,68510,67870,0,0
2017-05-31,75200,75800,73700,73700,23984,-0.022546419,75120,74040,72680,68631.66667,67908.33333,1,1
2017-06-01,73800,74700,73500,74700,8209,0.013568521,74800,74090,72885,68778.33333,67952.5,1,1
2017-06-02,75000,77500,75000,77100,26929,0.032128514,75200,74510,73210,68965,68015.83333,1,1
2017-06-05,76800,79600,76500,79200,21179,0.027237354,76020,75220,73675,69186.66667,68095.83333,0,0
2017-06-07,79000,80000,78200,79700,16009,0.006313131,76880,75910,74120,69416.66667,68176.66667,0,0
2017-06-08,79600,79600,77900,78500,19531,-0.015056462,77840,76480,74560,69626.66667,68245,0,0
2017-06-09,77900,79800,77900,79300,11608,0.010191083,78760,76780,74990,69856.66667,68315,0,2
2017-06-12,78700,79900,78400,79000,12562,-0.003783102,79140,77170,75330,70091.66667,68388.33333,0,0
2017-06-13,79100,79400,78300,78900,12890,-0.001265823,79080,77550,75665,70325,68466.66667,0,1
2017-06-14,79000,79600,78500,78900,12208,0,78920,77900,75990,70560,68536.66667,0,0
2017-06-15,78500,78900,77400,77800,13568,-0.013941698,78780,78310,76175,70780,68590.83333,0,0
2017-06-16,77800,78300,76800,78300,12579,0.006426735,78580,78670,76380,71008.33333,68645.83333,1,2
2017-06-19,78200,78200,76800,77100,7597,-0.01532567,78200,78670,76590,71200,68688.33333,0,0
2017-06-20,77100,77700,76700,77400,14794,0.003891051,77900,78490,76855,71391.66667,68734.16667,1,1
2017-06-21,77400,78300,76900,78200,12649,0.010335917,77760,78340,77125,71598.33333,68789.16667,1,3
2017-06-22,78200,78500,77300,78200,7139,0,77840,78310,77395,71801.66667,68842.5,0,0
2017-06-23,78300,78300,76100,76400,12774,-0.023017903,77460,78020,77400,71976.66667,68879.16667,0,0
2017-06-26,76500,77400,75500,76200,10295,-0.002617801,77280,77740,77455,72156.66667,68906.66667,0,0
2017-06-27,77000,77000,75500,75700,9809,-0.00656168,76940,77420,77485,72320,68960.83333,0,0
2017-06-28,75700,76500,75600,75900,7778,0.002642008,76480,77120,77510,72468.33333,69025.83333,0,0
2017-06-29,76000,78400,75800,77900,10192,0.026350461,76420,77130,77720,72650,69113.33333,1,1
2017-06-30,77600,78700,77000,78200,14486,0.003851091,76780,77120,77895,72838.33333,69212.5,0,0
2017-07-03,77700,77700,76200,76200,8932,-0.025575448,76780,77030,77850,73008.33333,69309.16667,0,0
2017-07-04,76100,76400,75600,75700,8271,-0.00656168,76780,76860,77675,73160,69400,0,0
2017-07-05,75900,75900,74100,75000,13961,-0.009247028,76600,76540,77440,73310,69484.16667,0,0
2017-07-06,75500,75500,73300,73400,37180,-0.021333333,75700,76060,77185,73423.33333,69555.83333,0,0
2017-07-07,73400,74500,73400,74500,10297,0.014986376,74960,75870,76945,73558.33333,69639.16667,0,0
2017-07-10,74500,74500,73900,74300,6378,-0.002684564,74580,75680,76710,73686.66667,69721.66667,0,0
2017-07-11,74300,74600,73200,74300,25613,0,74300,75540,76480,73811.66667,69799.16667,0,0
2017-07-12,73600,74000,72900,73000,14947,-0.017496635,73900,75250,76185,73916.66667,69861.66667,1,1
2017-07-13,72800,73400,72800,73000,3658,0,73820,74760,75945,74020,69929.16667,0,0
2017-07-14,72900,73700,72400,73500,10808,0.006849315,73620,74290,75705,74131.66667,70006.66667,0,0
2017-07-17,73600,73900,72900,73600,4864,0.001360544,73480,74030,75530,74246.66667,70074.16667,0,0
2017-07-18,74000,74800,73400,74200,7581,0.008152174,73460,73880,75370,74371.66667,70143.33333,0,1
2017-07-19,74300,75100,74300,74900,5424,0.009433962,73840,73870,75205,74496.66667,70213.33333,-1,1
2017-07-20,74900,77000,74900,76700,12381,0.024032043,74580,74200,75130,74641.66667,70299.16667,0,0
2017-07-21,76400,77300,76300,76500,8488,-0.002607562,75180,74400,75135,74771.66667,70385,0,0
2017-07-24,76500,77600,75900,77000,6502,0.006535948,75860,74670,75175,74893.33333,70476.66667,0,0
2017-07-25,76200,77900,76100,77200,13390,0.002597403,76460,74960,75250,74996.66667,70566.66667,0,0
2017-07-26,77100,78100,76300,78000,16068,0.010362694,77080,75460,75355,75128.33333,70662.5,0,0
2017-07-27,77900,78000,77100,77200,4659,-0.01025641,77180,75880,75320,75240,70749.16667,0,0
2017-07-28,77200,77900,76600,77200,7323,0,77320,76250,75270,75350,70841.66667,0,0
2017-07-31,77500,78000,77000,77400,8527,0.002590674,77400,76630,75330,75463.33333,70942.5,0,1
2017-08-01,78100,80700,78000,80600,31914,0.041343669,78080,77270,75575,75641.66667,71076.66667,1,3
2017-08-02,80600,80800,79500,80700,11204,0.001240695,78620,77850,75860,75806.66667,71215,0,0
2017-08-03,80700,80700,78100,78300,16233,-0.029739777,78840,78010,76105,75950,71334.16667,1,1
2017-08-04,78300,80000,77500,78700,10308,0.005108557,79140,78230,76315,76083.33333,71450,1,2
2017-08-07,78400,79700,78100,78900,5167,0.002541296,79440,78420,76545,76195,71569.16667,0,0
2017-08-08,79000,79000,77400,77900,8210,-0.012674271,78900,78490,76725,76290,71675.83333,0,0
2017-08-09,77900,78500,76500,77200,7612,-0.008985879,78200,78410,76935,76370,71765,0,0
2017-08-10,77200,77200,76000,76200,8571,-0.012953368,77780,78310,77095,76405,71846.66667,0,1
2017-08-11,75300,76200,75300,76200,7173,0,77280,78210,77230,76438.33333,71935.83333,0,0
2017-08-14,75500,77100,75500,76900,5728,0.009186352,76880,78160,77395,76505,72030,0,0
2017-08-16,76600,77200,76600,76700,5616,-0.00260078,76640,77770,77520,76581.66667,72125.83333,0,0
2017-08-17,76700,79200,76700,78600,10152,0.024771838,76920,77560,77705,76678.33333,72232.5,0,0
2017-08-18,78500,78700,78000,78500,4014,-0.001272265,77380,77580,77795,76773.33333,72335,0,0
2017-08-21,78400,79100,77600,79000,4934,0.006369427,77940,77610,77920,76818.33333,72443.33333,0,0
2017-08-22,78700,79000,78100,78800,5215,-0.002531646,78320,77600,78010,76880,72548.33333,0,0
2017-08-23,79000,79000,76600,77000,7713,-0.02284264,78380,77510,78000,76911.66667,72636.66667,1,1
2017-08-24,77000,77900,76600,77900,4859,0.011688312,78240,77580,77995,76953.33333,72731.66667,1,3
2017-08-25,77200,78200,77100,77100,3310,-0.010269576,77960,77670,77990,77010,72820.83333,0,0
2017-08-28,76700,77400,76700,77200,2409,0.001297017,77600,77770,77990,77051.66667,72915,0,0
2017-08-29,77200,77400,76600,77000,2970,-0.002590674,77240,77780,77970,77050,73007.5,0,0
2017-08-30,77000,77300,75800,76300,8562,-0.009090909,77100,77740,77755,77001.66667,73094.16667,0,0
2017-08-31,76400,76500,74900,76500,10947,0.002621232,76820,77530,77545,76948.33333,73182.5,0,0
2017-09-01,76000,76000,75200,75500,5855,-0.013071895,76500,77230,77405,76898.33333,73262.5,0,0
2017-09-04,74700,75000,73900,74000,9368,-0.01986755,75860,76730,77170,76810,73333.33333,0,0
2017-09-05,74000,74400,73000,73500,9715,-0.006756757,75160,76200,76900,76718.33333,73405,0,0
2017-09-06,73500,74800,73300,73900,8600,0.005442177,74680,75890,76700,76635,73480,1,1
2017-09-07,74000,75900,73900,75900,8619,0.027063599,74560,75690,76635,76585,73572.5,1,1
2017-09-08,75300,76700,75000,75500,9009,-0.005270092,74560,75530,76600,76546.66667,73663.33333,0,0
2017-09-11,76500,76500,74500,74600,11590,-0.01192053,74680,75270,76520,76485,73746.66667,0,0
2017-09-12,74700,75600,74700,75500,5517,0.012064343,75080,75120,76450,76458.33333,73829.16667,-1,1
2017-09-13,75600,76000,74800,76000,4735,0.006622517,75500,75090,76415,76435,73913.33333,1,3
2017-09-14,75200,75900,74700,74700,7145,-0.017105263,75260,74910,76220,76376.66667,73987.5,0,1
2017-09-15,75600,76200,74700,76100,4422,0.018741633,75380,74970,76100,76341.66667,74071.66667,0,0
2017-09-18,75600,77100,75600,76200,4347,0.00131406,75700,75190,75960,76338.33333,74157.5,1,1
2017-09-19,76200,76200,74200,74500,12172,-0.022309711,75500,75290,75745,76310,74233.33333,0,0
2017-09-20,74500,75100,73800,74600,5461,0.001342282,75220,75360,75625,76291.66667,74305.83333,0,0
2017-09-21,74700,74900,73600,74300,4458,-0.004021448,75140,75200,75445,76265,74366.66667,0,0
2017-09-22,73900,74400,73100,73900,6950,-0.00538358,74700,75040,75285,76198.33333,74424.16667,1,1
2017-09-25,73900,74000,72200,72700,6038,-0.01623816,74000,74850,75060,76106.66667,74472.5,0,0
2017-09-26,72300,72600,69300,72400,13377,-0.004126547,73580,74540,74830,76043.33333,74525.83333,1,1
2017-09-27,72600,72800,72000,72400,3399,0,73140,74180,74635,75988.33333,74574.16667,1,2
2017-09-28,72400,73700,72200,73500,3696,0.01519337,72980,74060,74485,75963.33333,74636.66667,0,0
2017-09-29,73500,73600,72400,73600,5057,0.001360544,72920,73810,74390,75966.66667,74695,-1,1
2017-10-10,73500,73700,72800,73500,7082,-0.001358696,73080,73540,74365,75950,74754.16667,0,0
2017-10-11,73500,74400,72700,74000,5831,0.006802721,73400,73490,74390,75945,74815.83333,0,0
2017-10-12,74000,74000,72900,73600,5618,-0.005405405,73640,73390,74375,75933.33333,74872.5,0,0
2017-10-13,73600,73600,72800,72900,6469,-0.00951087,73520,73250,74225,75931.66667,74924.16667,0,0
2017-10-16,74100,74100,72500,72900,7721,0,73380,73150,74095,75930,74975,1,1
2017-10-17,73000,73000,71400,71800,19796,-0.015089163,73040,73060,73955,75901.66667,75016.66667,0,0
2017-10-18,71400,72500,71400,72200,8704,0.005571031,72680,73040,73790,75878.33333,75062.5,0,0
2017-10-19,72800,73100,71800,72100,7802,-0.001385042,72380,73010,73595,75843.33333,75107.5,0,2
2017-10-20,71800,72800,71800,72800,3750,0.009708738,72360,72940,73500,75808.33333,75152.5,0,0
2017-10-23,72800,73000,71900,72000,6923,-0.010989011,72180,72780,73295,75730,75185.83333,0,0
2017-10-24,72600,72900,71900,72300,5411,0.004166667,72280,72660,73100,75660,75215.83333,0,0
2017-10-25,72300,73700,72200,73100,6544,0.011065007,72460,72570,73030,75595,75244.16667,0,0
2017-10-26,72400,73500,72200,72500,8591,-0.008207934,72540,72460,72925,75516.66667,75256.66667,0,0
2017-10-27,72500,73500,72100,72200,7530,-0.004137931,72420,72390,72820,75420,75274.16667,0,1
2017-10-30,72200,72800,71800,72500,5827,0.004155125,72520,72350,72750,75341.66667,75290.83333,0,0
2017-10-31,72300,73000,71700,71800,5841,-0.009655172,72420,72350,72705,75251.66667,75300.83333,0,0
2017-11-01,72300,72400,71700,72000,4526,0.002785515,72200,72330,72685,75161.66667,75312.5,0,2
2017-11-02,71700,72200,71600,72000,5725,0,72100,72320,72665,75018.33333,75330,0,1
2017-11-03,71700,74500,71600,74200,17305,0.030555556,72500,72460,72700,74910,75358.33333,0,4
2017-11-06,74200,74200,72700,73600,3816,-0.008086253,72720,72620,72700,74831.66667,75390.83333,0,0
2017-11-07,73900,74800,73000,74100,9954,0.006793478,73180,72800,72730,74755,75419.16667,0,0
2017-11-08,74800,76500,74000,75500,16018,0.018893387,73880,73040,72805,74698.33333,75446.66667,1,1
2017-11-09,76100,76900,75100,76900,10535,0.018543046,74860,73480,72970,74681.66667,75485.83333,1,1
2017-11-10,76900,77500,76300,77500,9147,0.007802341,75520,74010,73200,74686.66667,75528.33333,0,0
2017-11-13,77400,78600,76400,78000,14727,0.006451613,76400,74560,73455,74716.66667,75560.83333,0,0
2017-11-14,78000,78500,76000,76800,7745,-0.015384615,76940,75060,73705,74726.66667,75582.5,0,0
2017-11-15,76700,76700,74200,75600,12380,-0.015625,76960,75420,73875,74705,75605,0,0
2017-11-16,75600,76600,75300,76500,5079,0.011904762,76880,75870,74095,74701.66667,75641.66667,1,2
2017-11-17,76200,76800,74500,75000,6427,-0.019607843,76380,75950,74205,74641.66667,75660,0,0
2017-11-20,74900,75000,74000,74800,6505,-0.002666667,75740,76070,74345,74580,75676.66667,0,0
2017-11-21,74300,74800,73700,74800,8518,0,75340,76140,74470,74510,75664.16667,0,0
2017-11-22,74800,75100,74100,74400,8156,-0.005347594,75100,76030,74535,74436.66667,75658.33333,1,4
2017-11-23,74400,77100,73900,75500,18850,0.014784946,74900,75890,74685,74411.66667,75661.66667,0,0
2017-11-24,76000,76600,74300,75000,8825,-0.006622517,74900,75640,74825,74363.33333,75658.33333,0,0
2017-11-27,75000,75300,74300,74300,4921,-0.009333333,74800,75270,74915,74316.66667,75663.33333,0,0
2017-11-28,75400,75400,73900,74500,7071,0.00269179,74740,75040,75050,74271.66667,75661.66667,0,0
2017-11-29,74500,75100,73800,74700,6125,0.002684564,74800,74950,75185,74233.33333,75641.66667,0,0
2017-11-30,74800,74900,73600,73800,9720,-0.012048193,74460,74680,75275,74191.66667,75596.66667,1,1
2017-12-01,74000,74300,73000,73700,5619,-0.001355014,74200,74550,75250,74145,75546.66667,0,0
2017-12-04,73700,74200,73400,74200,2804,0.006784261,74180,74490,75280,74123.33333,75510.83333,0,0
2017-12-05,74200,74200,73400,74100,7159,-0.001347709,74100,74420,75280,74125,75467.5,0,0
2017-12-06,74100,74300,73600,74300,5394,0.002699055,74020,74410,75220,74138.33333,75428.33333,1,2
2017-12-07,74300,74800,73600,74200,8692,-0.001345895,74100,74280,75085,74143.33333,75389.16667,0,0
2017-12-08,73900,74600,73600,74200,4900,0,74200,74200,74920,74115,75350,0,0
2017-12-11,74400,74400,73700,74100,3547,-0.001347709,74180,74180,74725,74091.66667,75319.16667,0,0
2017-12-12,74000,74100,73200,73600,8892,-0.006747638,74080,74090,74565,74075,75280,0,0
2017-12-13,74100,74100,73400,73800,12764,0.002717391,73980,74000,74475,74046.66667,75252.5,1,1
2017-12-14,73500,74200,73400,74000,19283,0.002710027,73940,74020,74350,74013.33333,75224.16667,0,0
2017-12-15,74300,74600,73700,74600,10392,0.008108108,74020,74110,74330,74011.66667,75194.16667,1,1
2017-12-18,75000,75100,74100,74800,9606,0.002680965,74160,74170,74330,73990,75165.83333,0,0
2017-12-19,75000,75000,73800,74200,6879,-0.00802139,74280,74180,74300,73956.66667,75147.5,0,0
2017-12-20,74100,74600,73600,74500,9770,0.004043127,74420,74200,74305,73956.66667,75133.33333,1,1
2017-12-21,74800,74800,74100,74600,11863,0.001342282,74540,74240,74260,73956.66667,75124.16667,1,1
2017-12-22,74800,75000,73900,74400,8093,-0.002680965,74500,74260,74230,73958.33333,75111.66667,1,1
2017-12-26,75000,75000,73900,74700,27873,0.004032258,74480,74320,74250,73971.66667,75085,0,0
2017-12-27,72800,74300,72200,73300,18008,-0.018741633,74300,74290,74190,73981.66667,75044.16667,1,1
2017-12-28,73000,74000,72800,73000,6264,-0.004092769,74000,74210,74105,73991.66667,75017.5,0,0
2018-01-02,73000,73000,72100,72500,11315,-0.006849315,73580,74060,74040,73993.33333,74990.83333,0,0
2018-01-03,72500,72800,71900,72200,8371,-0.004137931,73140,73820,73965,73971.66667,74967.5,0,0
2018-01-04,72200,72700,71400,71400,12860,-0.011080332,72480,73480,73825,73935,74950.83333,0,0
2018-01-05,71400,72100,71200,72000,4580,0.008403361,72220,73260,73720,73910,74930,0,0
2018-01-08,72600,73600,71500,72600,10619,0.008333333,72140,73070,73635,73886.66667,74915.83333,0,1
2018-01-09,73800,73800,72800,73300,4154,0.009641873,72300,72940,73590,73881.66667,74907.5,0,0
2018-01-10,73300,74300,72700,73800,10532,0.006821282,72620,72880,73570,73896.66667,74914.16667,0,0
2018-01-11,74300,74300,72700,73900,4146,0.001355014,73120,72800,73560,73913.33333,74921.66667,0,0
2018-01-12,74200,74200,73100,73900,6570,0,73500,72860,73575,73948.33333,74925,0,0
2018-01-15,74000,74900,73600,73700,8571,-0.00270636,73720,72930,73570,73973.33333,74925.83333,0,0
2018-01-16,73800,74900,73300,74800,13644,0.014925373,74020,73160,73610,74018.33333,74930.83333,0,0
2018-01-17,75000,75600,74500,75600,11044,0.010695187,74380,73500,73660,74065,74936.66667,0,0
2018-01-18,75800,75900,75000,75800,9222,0.002645503,74760,73940,73710,74128.33333,74929.16667,1,3
2018-01-19,75800,76800,75500,76800,12353,0.013192612,75340,74420,73840,74203.33333,74931.66667,0,0
2018-01-22,76800,77000,75400,76900,10583,0.001302083,75980,74850,73960,74266.66667,74930.83333,0,0
2018-01-23,76900,77000,75800,76100,8317,-0.010403121,76240,75130,74035,74326.66667,74921.66667,1,1
2018-01-24,76200,77000,75800,76300,7489,0.002628121,76380,75380,74130,74395,74907.5,0,3
2018-01-25,75700,77200,75100,77100,10946,0.010484928,76640,75700,74250,74471.66667,74906.66667,0,0
2018-01-26,77200,77200,76100,76100,4831,-0.012970169,76500,75920,74390,74543.33333,74897.5,0,0
2018-01-29,77000,77400,76100,76900,13262,0.010512484,76500,76240,74585,74625,74893.33333,0,0
2018-01-30,76700,77900,76500,77900,9116,0.013003901,76860,76550,74855,74723.33333,74870.83333,1,1
2018-01-31,77800,77900,75800,77200,12506,-0.008985879,77040,76710,75105,74773.33333,74841.66667,0,0
2018-02-01,77100,77900,76600,76600,6994,-0.007772021,76940,76790,75365,74823.33333,74827.5,0,0
2018-02-02,78000,82900,78000,80900,86716,0.05613577,77900,77200,75810,74936.66667,74845.83333,1,1
2018-02-05,81400,86200,81000,86100,70059,0.064276885,79740,78120,76485,75113.33333,74905.83333,0,0
2018-02-06,85100,85500,80800,83100,42132,-0.034843206,80780,78820,76975,75216.66667,74949.16667,0,0
2018-02-07,82900,84000,79900,80400,22929,-0.032490975,81420,79230,77305,75265,74975.83333,0,0
2018-02-08,80600,83000,80400,82400,13187,0.024875622,82580,79760,77730,75338.33333,75027.5,0,0
2018-02-09,81800,81800,79500,81500,12683,-0.01092233,82700,80300,78110,75416.66667,75071.66667,0,0
2018-02-12,81500,81800,80500,81000,6280,-0.006134969,81680,80710,78475,75506.66667,75105.83333,0,0
2018-02-13,81300,82900,80300,80300,13404,-0.008641975,81120,80950,78750,75570,75135.83333,1,3
2018-02-14,81000,81500,79900,81200,5092,0.01120797,81280,81350,79030,75673.33333,75157.5,0,1
2018-02-19,81500,81900,80700,81000,3282,-0.002463054,81000,81790,79290,75776.66667,75178.33333,0,0
2018-02-20,80700,81500,80000,80900,18659,-0.001234568,80880,81790,79495,75878.33333,75194.16667,0,0
2018-02-21,80700,81900,80700,81300,5114,0.004944376,80940,81310,79715,75993.33333,75215,0,0
2018-02-22,80700,82400,80700,82000,6920,0.008610086,81280,81200,80010,76101.66667,75256.66667,0,0
2018-02-23,82000,82900,81300,82700,4570,0.008536585,81580,81430,80330,76230,75296.66667,0,0
2018-02-26,82700,85200,82700,84500,17193,0.021765417,82280,81640,80700,76400,75358.33333,0,0
2018-02-27,84600,85600,83800,85200,15643,0.008284024,83140,82010,81155,76578.33333,75425,0,0
2018-02-28,84600,84800,83000,83000,8580,-0.025821596,83480,82210,81460,76716.66667,75475,0,0
2018-03-02,84400,88000,82900,87400,35492,0.053012048,84560,82920,81935,76943.33333,75567.5,1,1
2018-03-05,87500,87600,84100,84500,26177,-0.033180778,84920,83250,82300,77123.33333,75634.16667,0,0
2018-03-06,84900,87900,84200,85200,15370,0.008284024,85060,83670,82730,77306.66667,75715,1,2
2018-03-07,87000,87200,82600,82600,14432,-0.030516432,84540,83840,82815,77448.33333,75786.66667,1,2
2018-03-08,82900,85200,82900,84300,9121,0.020581114,84800,84140,82725,77615,75876.66667,0,0
2018-03-09,85400,85400,82600,84600,7597,0.003558719,84240,84400,82800,77788.33333,75965.83333,0,0
2018-03-12,84900,87200,83100,87200,15738,0.030732861,84780,84850,83140,78005,76060,0,0
2018-03-13,86500,87000,82900,83300,15720,-0.044724771,84400,84730,83185,78158.33333,76125,0,0
2018-03-14,82800,83900,81800,83200,10381,-0.00120048,84520,84530,83270,78318.33333,76196.66667,1,1
2018-03-15,82600,82900,81600,82500,4269,-0.008413462,84160,84480,83345,78463.33333,76255,0,0
2018-03-16,82200,83700,81900,83300,6969,0.00969697,83900,84070,83495,78618.33333,76315.83333,0,0
2018-03-19,83100,83700,82300,83000,4939,-0.003601441,83060,83920,83585,78758.33333,76385,1,1
2018-03-20,83000,84000,82200,82600,9065,-0.004819277,82920,83660,83665,78888.33333,76439.16667,0,0
2018-03-21,83400,83400,81300,82500,6982,-0.001210654,82780,83650,83745,79026.66667,76491.66667,0,0
2018-03-22,82000,83200,82000,82500,4848,0,82780,83470,83805,79160,76558.33333,0,0
2018-03-23,82400,82400,80100,81200,7029,-0.015757576,82360,83130,83765,79270,76613.33333,1,3
2018-03-26,81200,82700,80600,82600,8295,0.017241379,82280,82670,83760,79406.66667,76682.5,0,0
2018-03-27,82900,83300,81800,82900,5228,0.003631961,82340,82630,83680,79543.33333,76757.5,0,1
2018-03-28,82800,83100,81400,83000,7680,0.001206273,82440,82610,83570,79705,76843.33333,0,0
2018-03-29,82500,83100,82200,83100,8445,0.001204819,82560,82670,83575,79873.33333,76932.5,0,0
2018-03-30,83100,84200,82200,84200,17547,0.013237064,83160,82760,83415,80068.33333,77030.83333,1,2
2018-04-02,84200,84800,80900,82800,12694,-0.016627078,83200,82740,83330,80245,77108.33333,0,0
2018-04-03,82200,82600,80400,81100,10599,-0.020531401,82840,82590,83125,80406.66667,77170.83333,0,0
2018-04-04,80700,81400,77500,77900,33076,-0.03945746,81820,82130,82890,80505,77207.5,0,0
2018-04-05,78400,79800,78200,79000,6132,0.014120668,81000,81780,82625,80611.66667,77249.16667,0,0
2018-04-06,79000,80300,78400,80300,3775,0.016455696,80220,81690,82410,80728.33333,77305,1,1
2018-04-09,79700,79900,77100,78000,10046,-0.02864259,79260,81230,81950,80798.33333,77347.5,0,0
2018-04-10,78100,79400,78000,79300,4305,0.016666667,78900,80870,81750,80888.33333,77400.83333,1,1
2018-04-11,79300,79500,78400,78900,3216,-0.005044136,79100,80460,81535,80971.66667,77460,0,0
2018-04-12,78900,79900,78300,79900,4101,0.012674271,79280,80140,81405,81075,77524.16667,0,0
2018-04-13,79900,79900,78300,78300,7645,-0.020025031,78880,79550,81155,81133.33333,77575.83333,1,2
2018-04-16,78400,79500,78400,79400,4466,0.014048531,79160,79210,80975,81196.66667,77630.83333,0,0
2018-04-17,79400,80000,78200,79600,6425,0.002518892,79220,79060,80825,81260,77694.16667,0,0
2018-04-18,79600,79800,78400,78400,7623,-0.015075377,79120,79110,80620,81286.66667,77745,0,0
2018-04-19,78400,79000,77300,77300,10954,-0.014030612,78600,78940,80360,81293.33333,77780,1,1
2018-04-20,77900,79300,77600,78000,12635,0.009055627,78540,78710,80200,81325,77825.83333,0,0
2018-04-23,78800,80500,78100,79800,12321,0.023076923,78620,78890,80060,81383.33333,77889.16667,0,0
2018-04-24,79800,80400,79400,80200,6055,0.005012531,78740,78980,79925,81435,77953.33333,0,0
2018-04-25,79900,81000,79200,80900,6461,0.00872818,79240,79180,79820,81515,78029.16667,0,0
2018-04-26,81100,81100,79600,79600,4057,-0.016069221,79700,79150,79645,81560,78092.5,0,0
2018-04-27,79800,80200,78300,80200,6294,0.007537688,80140,79340,79445,81598.33333,78160.83333,1,1
2018-04-30,81900,81900,79500,80500,6754,0.003740648,80280,79450,79330,81653.33333,78213.33333,1,1
2018-05-02,80500,80500,78200,78300,10216,-0.027329193,79900,79320,79190,81681.66667,78252.5,0,0
2018-05-03,78500,78800,77600,78800,9745,0.006385696,79480,79360,79235,81646.66667,78291.66667,1,1
2018-05-04,78800,78800,78000,78600,4744,-0.002538071,79280,79490,79215,81521.66667,78317.5,0,0
2018-05-08,78500,78800,77400,78300,10082,-0.003816794,78900,79520,79115,81441.66667,78329.16667,0,0
2018-05-09,78200,78200,77200,77500,6841,-0.010217114,78300,79290,79090,81393.33333,78329.16667,1,1
2018-05-10,73800,75500,70000,70300,118096,-0.092903226,76700,78300,78640,81191.66667,78265,0,6
2018-05-11,70800,70800,69500,70000,58430,-0.004267425,74940,77210,78195,81000,78208.33333,1,3
2018-05-14,70200,70400,68100,68500,51562,-0.021428571,72920,76100,77625,80791.66667,78149.16667,0,0
2018-05-15,68600,69000,68100,68200,24061,-0.004379562,70900,74900,77120,80590,78080,-1,2
2018-05-16,68300,68300,67200,67300,25233,-0.013196481,68860,73580,76515,80358.33333,78015.83333,0,0
2018-05-17,67800,68000,67200,67600,14912,0.004457652,68320,72510,75915,80135,77955.83333,1,1
2018-05-18,67800,68800,67200,68200,15758,0.00887574,67960,71450,75405,79923.33333,77900.83333,0,1
2018-05-21,68100,68200,67300,67400,17262,-0.011730205,67740,70330,74910,79691.66667,77842.5,0,0
2018-05-23,67400,68000,66900,67200,10276,-0.002967359,67540,69220,74370,79445,77773.33333,0,0
2018-05-24,67700,69100,67200,68500,24072,0.019345238,67780,68320,73805,79208.33333,77719.16667,1,1
2018-05-25,68500,69400,67400,68900,23820,0.005839416,68040,68180,73240,78948.33333,77674.16667,-1,1
2018-05-28,69000,69400,68500,69000,9173,0.001451379,68200,68080,72645,78678.33333,77628.33333,0,1
2018-05-29,69000,69000,68300,68300,9936,-0.010144928,68380,68060,72080,78433.33333,77575,0,0
2018-05-30,68300,68800,67300,68800,13019,0.007320644,68700,68120,71510,78123.33333,77533.33333,1,2
2018-05-31,68700,68900,67700,67800,8685,-0.014534884,68560,68170,70875,77845,77484.16667,1,2
2018-06-01,67800,68200,67400,67500,9549,-0.004424779,68280,68160,70335,77550,77428.33333,0,2
2018-06-04,67400,68300,67400,67500,6392,0,67980,68090,69770,77298.33333,77373.33333,0,0
2018-06-05,67600,67700,66800,67000,14101,-0.007407407,67720,68050,69190,77010,77312.5,1,6
2018-06-07,67100,67600,66900,67300,9581,0.004477612,67420,68060,68640,76721.66667,77255,0,0
2018-06-08,67500,67800,66900,67600,11601,0.004457652,67380,67970,68145,76395,77200,0,0
2018-06-11,67800,68400,67000,68300,11453,0.01035503,67540,67910,68045,76145,77151.66667,0,0
2018-06-12,68800,68900,68000,68700,9580,0.005856515,67780,67880,67980,75903.33333,77110.83333,0,0
2018-06-14,68900,68900,68000,68200,9439,-0.00727802,68020,67870,67965,75665,77064.16667,-1,1
2018-06-15,68200,68900,67100,67100,12198,-0.016129032,67980,67700,67910,75395,77006.66667,1,1
2018-06-18,67700,68200,67000,67000,7070,-0.001490313,67860,67620,67895,75128.33333,76943.33333,0,0
2018-06-19,67000,68000,67000,67000,5451,0,67600,67570,67865,74868.33333,76878.33333,1,2
2018-06-20,67200,67400,66700,67100,4482,0.001492537,67280,67530,67810,74611.66667,76819.16667,0,4
2018-06-21,67700,67700,66700,66700,5325,-0.005961252,66980,67500,67775,74348.33333,76754.16667,0,0
2018-06-22,66800,66900,65900,66400,13358,-0.004497751,66840,67410,67735,74101.66667,76685.83333,1,4
2018-06-25,66400,66500,65200,65700,13755,-0.010542169,66580,67220,67595,73820,76613.33333,0,0
2018-06-26,65700,66100,64700,65100,11634,-0.00913242,66200,66900,67405,73523.33333,76533.33333,0,0
2018-06-27,65700,65800,64900,65300,4792,0.003072197,65840,66560,67220,73228.33333,76466.66667,0,1
2018-06-28,65600,65700,65000,65500,5768,0.003062787,65600,66290,67080,72935,76404.16667,1,1
2018-06-29,65500,66600,65500,66600,4224,0.016793893,65640,66240,66970,72641.66667,76355,0,1
2018-07-02,66700,66900,65500,65500,5620,-0.016516517,65600,66090,66855,72353.33333,76299.16667,0,0
2018-07-03,65800,65800,64500,64900,8810,-0.009160305,65560,65880,66725,72083.33333,76245,0,0
2018-07-04,64800,64900,63600,63900,9848,-0.01540832,65280,65560,66545,71850,76177.5,0,1
2018-07-05,63900,63900,62100,62400,15051,-0.023474178,64660,65130,66315,71573.33333,76092.5,1,1
2018-07-06,62900,63500,62700,62900,12776,0.008012821,63920,64780,66095,71283.33333,76005.83333,-1,1
2018-07-09,63300,64100,62900,64000,8824,0.017488076,63620,64610,65915,71050,75924.16667,0,0
2018-07-10,64000,64300,63600,64000,3503,0,63440,64500,65700,70795,75841.66667,0,0
2018-07-11,64000,65800,63900,65700,9466,0.0265625,63800,64540,65550,70575,75773.33333,0,0
2018-07-12,65800,67900,65100,67600,13234,0.02891933,64840,64750,65520,70370,75722.5,0,0
2018-07-13,67700,67900,66100,67000,12184,-0.00887574,65660,64790,65515,70181.66667,75657.5,1,2
2018-07-16,66500,68500,66100,67000,9972,0,66260,64940,65515,69975,75585.83333,0,0
2018-07-17,67000,67900,66200,67200,8049,0.002985075,66900,65170,65525,69768.33333,75514.16667,0,0
2018-07-18,67200,67800,66900,67100,2660,-0.001488095,67180,65490,65525,69580,75433.33333,-1,1
2018-07-19,67200,67200,65700,65700,3960,-0.020864382,66800,65820,65475,69386.66667,75340,0,0
2018-07-20,65800,66200,64700,65500,2561,-0.00304414,66500,66080,65430,69178.33333,75251.66667,0,0
2018-07-23,66000,66000,64900,65000,3509,-0.007633588,66100,66180,65395,68931.66667,75157.5,0,0
2018-07-24,65000,65800,64100,64700,5813,-0.004615385,65600,66250,65375,68673.33333,75054.16667,0,0
2018-07-25,64900,65900,64700,65300,2438,0.00927357,65240,66210,65375,68413.33333,74964.16667,0,0
2018-07-26,65900,65900,64600,65500,4745,0.003062787,65200,66000,65375,68178.33333,74869.16667,0,0
2018-07-27,65600,65800,65000,65600,3020,0.001526718,65220,65860,65325,67935,74766.66667,0,1
2018-07-30,65600,66700,65100,66100,5148,0.007621951,65440,65770,65355,67695,74674.16667,0,0
2018-07-31,66700,66700,65100,65300,5874,-0.012102874,65560,65580,65375,67478.33333,74580,1,3
2018-08-01,66100,66100,65400,65400,3335,0.001531394,65580,65410,65450,67255,74450.83333,1,1
2018-08-02,65900,66200,65000,65000,3551,-0.006116208,65480,65340,65580,67028.33333,74275,0,0
2018-08-03,65300,65600,64800,65300,4615,0.004615385,65420,65320,65700,66811.66667,74126.66667,0,0
2018-08-06,64000,65600,64000,65300,12931,0,65260,65350,65765,66608.33333,74000.83333,0,7
2018-08-07,64800,65900,64600,65300,6308,0,65260,65410,65830,66525,73858.33333,0,0
2018-08-08,65800,65800,64600,65000,6806,-0.004594181,65180,65380,65795,66441.66667,73720.83333,0,0
2018-08-09,65000,65300,64700,64800,5352,-0.003076923,65140,65310,65655,66380,73585.83333,0,0
2018-08-10,64900,65100,64500,64800,7877,0,65040,65230,65545,66323.33333,73456.66667,0,0
2018-08-13,64800,66600,64700,65900,13344,0.016975309,65160,65210,65490,66300,73329.16667,0,0
2018-08-14,65800,66200,65000,65500,3155,-0.006069803,65200,65230,65405,66265,73200,0,0
2018-08-16,65500,65500,64700,65000,3551,-0.007633588,65200,65190,65300,66211.66667,73067.5,0,0
2018-08-17,65000,65400,64600,65200,4446,0.003076923,65280,65210,65275,66175,72933.33333,0,0
2018-08-20,65000,65400,64500,64900,4861,-0.004601227,65300,65170,65245,66136.66667,72790.83333,0,0
2018-08-21,65000,65000,64000,64500,5646,-0.006163328,65020,65090,65220,66070,72639.16667,0,0
2018-08-22,64500,65000,64300,65000,2346,0.007751938,64920,65060,65235,66005,72476.66667,0,0
2018-08-23,65100,65100,64400,64700,3627,-0.004615385,64860,65030,65205,65933.33333,72305.83333,0,0
2018-08-24,64600,64600,64000,64200,3377,-0.007727975,64660,64970,65140,65865,72149.16667,0,0
2018-08-27,64300,64500,63900,64400,3189,0.003115265,64560,64930,65080,65791.66667,71957.5,0,0
2018-08-28,64300,64700,64100,64300,3092,-0.001552795,64520,64770,64990,65733.33333,71789.16667,1,2
2018-08-29,64700,64800,64100,64400,3675,0.00155521,64400,64660,64945,65681.66667,71615.83333,1,2
2018-08-30,64100,64600,64100,64600,2622,0.00310559,64380,64620,64905,65633.33333,71465.83333,1,1
2018-08-31,64600,65200,64500,65000,2698,0.00619195,64540,64600,64905,65600,71305,0,0
2018-09-03,65100,65400,64900,65400,3952,0.006153846,64740,64650,64910,65568.33333,71145,0,0
2018-09-04,65500,65500,65100,65200,2558,-0.003058104,64920,64720,64905,65528.33333,70961.66667,1,1
2018-09-05,65100,65500,65000,65300,3572,0.001533742,65100,64750,64905,65478.33333,70811.66667,1,1
2018-09-06,65200,65300,64800,64800,2288,-0.007656968,65140,64760,64895,65413.33333,70658.33333,0,0
2018-09-07,64700,65000,63900,64800,7335,0,65100,64820,64895,65356.66667,70510.83333,1,1
2018-09-10,65300,65300,64600,65000,1940,0.00308642,65020,64880,64905,65321.66667,70358.33333,0,0
2018-09-11,64800,65100,64400,65000,2910,0,64980,64950,64860,65288.33333,70208.33333,1,3
2018-09-12,65000,65300,64200,64800,4894,-0.003076923,64880,64990,64825,65251.66667,70060,1,1
2018-09-13,64800,65000,64400,65000,5130,0.00308642,64920,65030,64825,65216.66667,69914.16667,0,0
2018-09-14,64900,65000,64600,64900,2031,-0.001538462,64940,65020,64810,65186.66667,69767.5,1,1
2018-09-17,64900,65000,64100,64200,6076,-0.010785824,64780,64900,64775,65150,69625.83333,0,0
2018-09-18,64200,64600,63200,64000,8722,-0.003115265,64580,64780,64750,65121.66667,69470.83333,0,0
2018-09-19,63900,64000,62800,62900,7492,-0.0171875,64200,64540,64645,65085,69304.16667,0,0
2018-09-20,63100,63500,62100,62200,8927,-0.011128776,63640,64280,64520,65033.33333,69130.83333,1,4
2018-09-21,62700,62700,62200,62500,4860,0.004823151,63160,64050,64435,64983.33333,68959.16667,1,2
2018-09-27,62500,63700,62400,63200,7637,0.0112,62960,63870,64375,64926.66667,68784.16667,1,1
2018-09-28,63200,64100,63200,64100,6046,0.014240506,62980,63780,64365,64903.33333,68628.33333,-1,1
2018-10-01,63600,64200,63600,64000,4074,-0.001560062,63200,63700,64345,64888.33333,68485.83333,0,0
2018-10-02,64300,64400,63300,63600,4771,-0.00625,63480,63560,64295,64883.33333,68366.66667,1,10
2018-10-04,63600,64000,62700,63900,5157,0.004716981,63760,63460,64240,64908.33333,68240.83333,0,0
2018-10-05,63900,64000,63000,63600,4928,-0.004694836,63840,63400,64150,64920,68101.66667,1,1
2018-10-08,62600,63300,62500,62500,4169,-0.017295597,63520,63250,64015,64895,67972.5,0,0
2018-10-10,62500,62500,60700,61100,12982,-0.0224,62940,63070,63805,64846.66667,67820.83333,1,1
2018-10-11,60000,63900,59800,59900,11611,-0.019639935,62200,62840,63560,64750,67662.5,0,0
2018-10-12,59700,62500,59700,62500,6119,0.043405676,61920,62840,63445,64665,67517.5,0,0
2018-10-15,62000,63700,61400,63500,6535,0.016,61900,62870,63370,64606.66667,67394.16667,0,0
2018-10-16,64100,64100,61800,61800,3953,-0.026771654,61760,62640,63210,64520,67247.5,0,0
2018-10-17,62000,63300,61400,61700,2623,-0.001618123,61880,62410,63055,64428.33333,67098.33333,0,0
2018-10-18,61700,61900,60000,60300,7290,-0.022690438,61960,62080,62820,64315,66947.5,0,0
2018-10-19,60000,60200,59400,59600,10806,-0.011608624,61380,61650,62555,64213.33333,66800,0,0
2018-10-22,60300,60600,60000,60100,4002,0.008389262,60700,61300,62350,64123.33333,66650.83333,0,0
2018-10-23,60200,60700,60100,60200,3235,0.001663894,60380,61070,62160,64043.33333,66487.5,0,0
2018-10-24,60200,61000,60200,60300,3245,0.00166113,60100,60990,62030,63970,66321.66667,0,0
2018-10-25,59400,60700,59400,59900,4281,-0.006633499,60020,60990,61915,63880,66146.66667,1,1
2018-10-26,60000,62000,60000,61400,10362,0.025041736,60380,60880,61860,63811.66667,65995,0,0
2018-10-29,60100,60900,59900,60000,8361,-0.022801303,60360,60530,61700,63718.33333,65826.66667,0,0
2018-10-30,60000,60900,58600,59000,14437,-0.016666667,60120,60250,61445,63600,65647.5,0,0
2018-10-31,58900,58900,56700,56900,22758,-0.03559322,59440,59770,61090,63460,65469.16667,0,0
2018-11-01,57400,57400,55900,56100,18617,-0.014059754,58680,59350,60715,63305,65280,0,0
2018-11-02,56100,57500,56000,57500,12705,0.024955437,57900,59140,60395,63180,65104.16667,1,3
2018-11-05,57100,57100,56100,56600,4044,-0.015652174,57220,58790,60045,63035,64923.33333,0,3
2018-11-06,56900,57400,56400,56900,3639,0.005300353,56800,58460,59765,62895,64751.66667,-1,1
2018-11-07,57000,57300,56100,56900,7988,0,56800,58120,59555,62755,64640,0,0
2018-11-08,57400,59000,57100,58900,10203,0.035149385,57360,58020,59505,62653.33333,64547.5,1,2
2018-11-09,58800,59500,58200,59500,3805,0.010186757,57760,57830,59355,62565,64472.5,-1,1
2018-11-12,59200,60200,59200,59800,3716,0.005042017,58400,57810,59170,62481.66667,64402.5,0,0
2018-11-13,59300,59500,58300,59300,1784,-0.008361204,58880,57840,59045,62371.66667,64335.83333,-1,1
2018-11-14,59300,59400,58200,59000,4163,-0.005059022,59300,58050,58910,62263.33333,64264.16667,1,1
2018-11-15,59000,59000,57500,57600,4974,-0.023728814,59040,58200,58775,62140,64175.83333,0,0
2018-11-16,57700,59200,57700,58500,4533,0.015625,58840,58300,58720,62028.33333,64101.66667,1,4
2018-11-19,58500,59700,58300,59600,4078,0.018803419,58800,58600,58695,61940,64038.33333,0,0
2018-11-20,59200,59700,59000,59000,2150,-0.010067114,58740,58810,58635,61848.33333,63959.16667,1,5
2018-11-21,58500,58900,58200,58600,3129,-0.006779661,58660,58980,58550,61741.66667,63873.33333,0,0
2018-11-22,58700,59000,58100,58200,3607,-0.006825939,58780,58910,58465,61633.33333,63783.33333,1,2
2018-11-23,58200,58800,57700,57700,2376,-0.008591065,58620,58730,58280,61525,63695,0,0
2018-11-26,57700,58600,57700,58500,2501,0.013864818,58400,58600,58205,61426.66667,63609.16667,0,0
2018-11-27,59300,59300,58200,58200,3183,-0.005128205,58240,58490,58165,61325,63529.16667,1,2
2018-11-28,58000,59400,58000,59400,2881,0.020618557,58400,58530,58290,61241.66667,63461.66667,1,2
2018-11-29,60000,60000,59200,59200,2136,-0.003367003,58600,58690,58445,61151.66667,63392.5,1,4
2018-11-30,59900,60000,59000,60000,6220,0.013513514,59060,58840,58570,61068.33333,63334.16667,1,1
2018-12-03,60400,60400,59600,60100,3708,0.001666667,59380,58890,58745,60980,63274.16667,0,0
2018-12-04,60100,62400,59700,61100,10164,0.016638935,59960,59100,58955,60911.66667,63220,0,0
2018-12-05,60300,61000,60100,60500,4069,-0.009819967,60180,59290,59135,60831.66667,63155,-1,4
2018-12-06,59800,60400,56300,58400,7284,-0.034710744,60020,59310,59110,60725,63069.16667,-1,10
2018-12-07,57800,59800,57800,58300,3253,-0.001712329,59680,59370,59050,60616.66667,62986.66667,1,2
2018-12-10,58100,58400,57300,57600,5638,-0.012006861,59180,59280,58940,60493.33333,62907.5,0,0
2018-12-11,58200,58200,56800,57700,4759,0.001736111,58500,59230,58860,60371.66667,62830,0,0
2018-12-12,58200,58300,57600,57600,5462,-0.001733102,57920,59050,58790,60251.66667,62751.66667,-1,5
2018-12-13,58200,58500,57900,58400,9124,0.013888889,57920,58970,58830,60141.66667,62679.16667,-1,3
2018-12-14,59000,59000,56700,56800,23795,-0.02739726,57620,58650,58745,60006.66667,62596.66667,-1,5
2018-12-17,56800,58500,56700,58500,10978,0.029929577,57800,58490,58690,59911.66667,62530.83333,0,4
2018-12-18,58500,59500,57000,59500,8702,0.017094017,58160,58330,58715,59836.66667,62479.16667,0,3
2018-12-19,59100,59100,57600,58100,9030,-0.023529412,58260,58090,58690,59756.66667,62420.83333,0,0
2018-12-20,57900,58300,57100,57300,9270,-0.013769363,58040,57980,58645,59675,62354.16667,0,0
2018-12-21,58100,58400,57100,57500,9490,0.003490401,58180,57900,58635,59591.66667,62287.5,1,3
2018-12-24,57500,58000,57300,57800,6014,0.005217391,58040,57920,58600,59501.66667,62214.16667,0,0
2018-12-26,57600,57600,57000,57500,12117,-0.005190311,57640,57900,58565,59391.66667,62147.5,0,0
2018-12-27,56200,57500,56200,57500,7094,0,57520,57890,58470,59283.33333,62085.83333,0,0
2018-12-28,57500,57600,56900,57000,3172,-0.008695652,57460,57750,58360,59173.33333,62028.33333,0,2
2019-01-02,56600,57200,55600,56000,5206,-0.01754386,57160,57670,58160,59041.66667,61975,0,0
2019-01-03,56000,56300,54500,55900,13991,-0.001785714,56780,57410,57950,58913.33333,61916.66667,0,0
2019-01-04,55000,56100,54700,55000,3297,-0.016100179,56280,56960,57645,58788.33333,61841.66667,0,0
2019-01-07,55900,56200,55100,55600,2686,0.010909091,55900,56710,57400,58696.66667,61771.66667,0,0
2019-01-08,56200,56200,55200,55400,1992,-0.003597122,55580,56520,57250,58621.66667,61685.83333,0,0
2019-01-09,55500,56000,55200,55700,4405,0.005415162,55520,56340,57120,58508.33333,61586.66667,1,1
2019-01-10,55700,55900,55300,55300,3820,-0.007181329,55400,56090,57005,58371.66667,61489.16667,0,0
2019-01-11,55800,55800,55200,55400,3357,0.001808318,55480,55880,56890,58265,61392.5,0,0
2019-01-14,56000,56000,55200,55200,2172,-0.003610108,55400,55650,56770,58156.66667,61292.5,1,1
2019-01-15,55800,56200,55400,56100,2907,0.016304348,55540,55560,56655,58086.66667,61200.83333,0,0
2019-01-16,56400,57000,55800,56800,5290,0.012477718,55760,55640,56655,58040,61126.66667,0,0
2019-01-17,56800,57200,56100,57100,2778,0.00528169,56120,55760,56585,57990,61056.66667,0,0
2019-01-18,57100,57600,56800,57400,2842,0.00525394,56520,56000,56480,57943.33333,60993.33333,0,0
2019-01-21,57600,57600,56800,56900,4064,-0.008710801,56860,56130,56420,57886.66667,60928.33333,0,0
2019-01-22,57100,57200,55800,55900,6261,-0.017574692,56820,56180,56350,57820,60850,0,0
2019-01-23,55900,56000,55600,55800,6568,-0.001788909,56620,56190,56265,57726.66667,60769.16667,0,1
2019-01-24,55400,56600,55400,56500,8602,0.012544803,56500,56310,56200,57668.33333,60693.33333,0,0
2019-01-25,56700,57300,56400,57100,6844,0.010619469,56440,56480,56180,57636.66667,60618.33333,-1,2
2019-01-28,57100,57200,56300,57000,5173,-0.001751313,56460,56660,56155,57638.33333,60549.16667,0,0
2019-01-29,57100,57100,56100,56600,3356,-0.007017544,56600,56710,56135,57646.66667,60475.83333,0,0
2019-01-30,56300,56900,55700,56300,9238,-0.005300353,56700,56660,56150,57626.66667,60403.33333,-1,1
2019-01-31,56700,57600,56200,57600,8664,0.023090586,56920,56710,56235,57643.33333,60339.16667,1,2
2019-02-01,57600,57700,57100,57500,2316,-0.001736111,57000,56720,56360,57653.33333,60274.16667,0,0
2019-02-07,57700,57700,57100,57400,1483,-0.00173913,57080,56770,56450,57661.66667,60208.33333,0,0
2019-02-08,57400,57700,56800,57600,5031,0.003484321,57280,56940,56560,57640,60146.66667,0,0
2019-02-11,57600,57700,56800,57400,6043,-0.003472222,57500,57100,56645,57605,60085,0,0
2019-02-12,57400,57500,56700,57100,4192,-0.005226481,57400,57160,56735,57560,60020.83333,0,0
2019-02-13,56400,57500,56300,57200,7103,0.001751313,57340,57170,56825,57525,59948.33333,-1,2
2019-02-14,57200,57500,56200,57500,8807,0.005244755,57360,57220,56940,57500,59881.66667,0,0
2019-02-15,57600,57600,56800,57500,5163,0,57340,57310,57010,57498.33333,59819.16667,0,0
2019-02-18,57600,58500,57200,58300,16045,0.013913043,57520,57510,57085,57495,59761.66667,0,0
2019-02-19,58300,59500,57700,59400,19149,0.018867925,57980,57690,57200,57491.66667,59715.83333,0,0
2019-02-20,58800,60300,58800,60200,10938,0.013468013,58580,57960,57340,57511.66667,59680,1,1
2019-02-21,59700,60300,59400,59700,7118,-0.008305648,59020,58190,57480,57530,59635.83333,0,0
2019-02-22,59700,59900,58400,58500,8868,-0.020100503,59220,58280,57610,57535,59584.16667,0,0
2019-02-25,59000,60000,58300,59800,6460,0.022222222,59520,58520,57810,57570,59547.5,0,0
2019-02-26,59700,60200,59400,59900,3894,0.001672241,59620,58800,57980,57593.33333,59510,0,0
2019-02-27,60100,60100,59500,59600,2933,-0.005008347,59500,59040,58105,57616.66667,59470.83333,0,0
2019-02-28,60000,60000,59100,59700,4895,0.001677852,59500,59260,58240,57621.66667,59431.66667,0,0
2019-03-04,59700,59800,58900,59100,2703,-0.010050251,59620,59420,58365,57620,59385.83333,0,0
2019-03-05,58300,59600,58300,59000,3952,-0.001692047,59460,59490,58500,57603.33333,59335.83333,0,0
2019-03-06,59400,60300,58800,59800,8857,0.013559322,59440,59530,58610,57598.33333,59289.16667,0,1
2019-03-07,59800,60300,59800,60300,5818,0.008361204,59580,59540,58750,57585,59248.33333,0,0
2019-03-08,60300,61000,60200,60500,8152,0.00331675,59740,59620,58905,57585,59208.33333,1,2
2019-03-11,60100,63500,59500,62700,29042,0.036363636,60460,60040,59160,57656.66667,59190.83333,0,0
2019-03-12,62500,63500,62500,62700,11998,0,61200,60330,59425,57730,59173.33333,0,0
2019-03-13,62700,63900,62500,63300,13927,0.009569378,61900,60670,59735,57825,59159.16667,1,1
2019-03-14,63600,64300,62900,64200,11430,0.014218009,62680,61130,60085,57933.33333,59152.5,0,0
2019-03-15,64400,64400,63100,63100,5767,-0.017133956,63200,61470,60365,58025,59138.33333,0,0
2019-03-18,63100,64000,60800,62300,20362,-0.012678288,63120,61790,60605,58090,59115.83333,0,0
2019-03-19,63000,63000,60700,60800,13140,-0.024077047,62740,61970,60730,58156.66667,59081.66667,0,0
2019-03-20,60900,61700,60100,60400,8272,-0.006578947,62160,62030,60780,58188.33333,59050,0,0
2019-03-21,61200,62200,60700,61700,8591,0.021523179,61660,62170,60855,58225,59030.83333,0,0
2019-03-22,62300,62300,60500,62000,9057,0.004862237,61440,62320,60970,58290,59023.33333,0,0
2019-03-25,61500,61500,59600,59600,6866,-0.038709677,60900,62010,61025,58328.33333,59001.66667,0,0
2019-03-26,60200,61400,59600,59800,8409,0.003355705,60700,61720,61025,58366.66667,58979.16667,1,1
2019-03-27,60300,62500,60100,62300,11953,0.04180602,61080,61620,61145,58441.66667,58971.66667,0,0
2019-03-28,62600,62800,60800,62500,14311,0.003210273,61240,61450,61290,58525,58958.33333,1,2
2019-03-29,61500,62800,61000,61000,8720,-0.024,61040,61240,61355,58583.33333,58933.33333,0,0
2019-04-01,61000,61600,60300,61000,7507,0,61320,61110,61450,58650,58911.66667,1,1
2019-04-02,61400,61400,59900,59900,5858,-0.018032787,61340,61020,61495,58715,58878.33333,-1,4
2019-04-03,59900,59900,58900,59000,10874,-0.015025042,60680,60880,61455,58766.66667,58840,1,1
2019-04-04,59000,59500,58500,58600,7366,-0.006779661,59900,60570,61370,58826.66667,58807.5,0,0
2019-04-05,58700,59200,57000,57200,20187,-0.023890785,59140,60090,61205,58853.33333,58775,0,0
2019-04-08,57700,58100,57400,57700,6258,0.008741259,58480,59900,60955,58891.66667,58756.66667,0,0
2019-04-09,58200,58200,57600,57700,6643,0,58040,59690,60705,58925,58716.66667,0,0
2019-04-10,58100,58600,57800,58200,6205,0.008665511,57880,59280,60450,58973.33333,58672.5,0,0
2019-04-11,58200,58800,58000,58600,9761,0.006872852,57880,58890,60170,59026.66667,58645.83333,0,0
2019-04-12,58600,58900,57900,58200,13297,-0.006825939,58080,58610,59925,59076.66667,58616.66667,-1,1
2019-04-15,58200,58300,56800,57100,18560,-0.018900344,57960,58220,59665,59093.33333,58590,0,0
2019-04-16,57600,57700,56400,57300,17722,0.003502627,57880,57960,59490,59101.66667,58570.83333,0,0
2019-04-17,57300,57700,57200,57200,5148,-0.001745201,57680,57780,59330,59103.33333,58546.66667,0,0
2019-04-18,57200,57400,56300,56800,8757,-0.006993007,57320,57600,59085,59093.33333,58518.33333,1,1
2019-04-19,56900,57000,56300,56400,7404,-0.007042254,56960,57520,58805,59085,58485.83333,-1,1
2019-04-22,57000,57500,56500,57500,6165,0.019503546,57040,57500,58700,59111.66667,58465.83333,1,1
2019-04-23,57600,58900,57400,58400,15113,0.015652174,57260,57570,58630,59155,58440.83333,0,0
2019-04-24,58400,58900,58200,58300,10440,-0.001712329,57480,57580,58430,59185,58426.66667,1,2
2019-04-25,58400,58800,57500,57600,5264,-0.012006861,57640,57480,58185,59193.33333,58415,0,0
2019-04-26,58200,58500,57000,57900,8054,0.005208333,57940,57450,58030,59208.33333,58423.33333,1,1
2019-04-29,57600,57900,57400,57900,1371,0,58020,57530,57875,59230,58438.33333,0,0
2019-04-30,58700,58700,57500,57500,2749,-0.006908463,57840,57550,57755,59250,58438.33333,1,2
2019-05-02,57500,58100,56700,57600,5751,0.00173913,57700,57590,57685,59250,58446.66667,0,0
2019-05-03,57400,57600,56800,56800,4172,-0.013888889,57540,57590,57595,59238.33333,58445.83333,0,0
2019-05-07,56800,57500,56300,56600,4951,-0.003521127,57280,57610,57565,59225,58443.33333,0,0
2019-05-08,56000,57500,55900,57500,4937,0.01590106,57200,57610,57555,59223.33333,58431.66667,0,0
2019-05-09,58000,58000,55700,56900,12842,-0.010434783,57080,57460,57515,59215,58410,1,3
2019-05-10,56400,57000,54500,56900,34834,0,56940,57320,57450,59211.66667,58385.83333,1,4
2019-05-13,55800,57000,54000,54700,25010,-0.038664323,56520,57030,57255,59170,58347.5,0,0
2019-05-14,54500,54900,53400,53700,24003,-0.018281536,55940,56610,57030,59106.66667,58303.33333,1,2
2019-05-15,54500,55300,53900,55300,6604,0.029795158,55500,56350,56940,59070,58284.16667,1,2
2019-05-16,55700,55700,54300,54500,2175,-0.014466546,55020,56050,56800,59006.66667,58250.83333,1,2
2019-05-17,55500,55500,53700,53700,2432,-0.014678899,54380,55660,56625,58911.66667,58201.66667,0,2
2019-05-20,54200,54300,52800,53100,4602,-0.011173184,54060,55290,56440,58793.33333,58152.5,0,0
2019-05-21,53600,53600,51800,52300,11932,-0.015065913,53780,54860,56235,58670,58100,0,0
2019-05-22,52300,52900,51700,52200,6417,-0.001912046,53160,54330,55970,58565,58050,1,3
2019-05-23,52700,52700,51600,52600,3244,0.007662835,52780,53900,55680,58445,58007.5,1,2
2019-05-24,52100,53700,51700,53100,5128,0.009505703,52660,53520,55420,58331.66667,57962.5,1,2
2019-05-27,52600,53600,52600,52600,1610,-0.009416196,52560,53310,55170,58215,57915.83333,0,0
2019-05-28,52800,52800,51200,52300,2713,-0.005703422,52560,53170,54890,58091.66667,57856.66667,1,2
2019-05-29,52500,52600,51600,51700,4828,-0.011472275,52460,52810,54580,57968.33333,57794.16667,1,1
2019-05-30,51500,52000,51300,51500,3330,-0.003868472,52240,52510,54280,57843.33333,57723.33333,0,0
2019-05-31,51300,52000,51200,51800,6417,0.005825243,51980,52320,53990,57710,57654.16667,0,0
2019-06-03,51400,53200,51400,52900,10087,0.021235521,52040,52300,53795,57586.66667,57585.83333,0,0
2019-06-04,52900,54000,52900,53900,4714,0.018903592,52360,52460,53660,57476.66667,57530.83333,0,0
2019-06-05,54000,54300,53300,53900,1822,0,52800,52630,53480,57330,57493.33333,0,0
2019-06-07,54900,54900,53300,54200,1861,0.005565863,53340,52790,53345,57188.33333,57459.16667,0,0
2019-06-10,53800,54500,53500,54200,4217,0,53820,52900,53210,57036.66667,57430.83333,1,1
2019-06-11,54200,54800,54200,54700,2092,0.009225092,54180,53110,53210,56878.33333,57405.83333,1,1
2019-06-12,55000,55800,54100,54500,9816,-0.003656307,54300,53330,53250,56735,57380,1,3
2019-06-13,54600,55000,52700,52700,20988,-0.033027523,54060,53430,53120,56575,57332.5,0,0
2019-06-14,52800,55100,52800,55100,6836,0.045540797,54240,53790,53150,56480,57318.33333,0,0
2019-06-17,55100,55100,52500,53000,12029,-0.038112523,54000,53910,53115,56356.66667,57272.5,0,0
2019-06-18,53000,53300,52500,52500,9309,-0.009433962,53560,53870,53085,56203.33333,57214.16667,1,1
2019-06-19,53300,53300,52500,52600,2364,0.001904762,53180,53740,53100,56046.66667,57168.33333,0,0
2019-06-20,52900,53000,52500,52900,4171,0.005703422,53220,53640,53135,55935,57131.66667,0,0
2019-06-21,53000,53000,52500,52500,3502,-0.007561437,52700,53470,53130,55813.33333,57090,0,3
2019-06-24,52900,53200,52600,53200,2625,0.013333333,52740,53370,53135,55661.66667,57051.66667,0,0
2019-06-25,53200,53300,52700,52700,1829,-0.009398496,52780,53170,53140,55498.33333,57011.66667,1,1
2019-06-26,52700,52800,52000,52800,5492,0.001897533,52820,53000,53165,55361.66667,56972.5,0,0
2019-06-27,52700,52800,52300,52700,1440,-0.001893939,52780,53000,53215,55223.33333,56936.66667,0,0
2019-06-28,52900,52900,51900,52100,3187,-0.011385199,52700,52700,53245,55093.33333,56904.16667,1,1
2019-07-01,52100,53400,52100,53200,3937,0.021113244,52700,52720,53315,54996.66667,56881.66667,0,0
2019-07-02,53200,54200,52800,54000,2501,0.015037594,52960,52870,53370,54920,56873.33333,1,1
2019-07-03,54000,54300,52800,53500,2478,-0.009259259,53100,52960,53350,54858.33333,56855.83333,0,0
2019-07-04,53500,53800,52900,53700,1986,0.003738318,53300,53040,53340,54791.66667,56841.66667,0,0
2019-07-05,53600,54000,53200,53800,1847,0.001862197,53640,53170,53320,54726.66667,56825.83333,0,0
2019-07-08,53800,53900,52500,52500,5061,-0.024163569,53500,53100,53235,54631.66667,56802.5,0,0
2019-07-09,52400,53300,52300,52800,4093,0.005714286,53260,53110,53140,54535,56780.83333,0,0
2019-07-10,53000,53300,52700,53000,3366,0.003787879,53160,53130,53065,54448.33333,56762.5,0,0
2019-07-11,52500,53600,52500,52800,4038,-0.003773585,52980,53140,53070,54376.66667,56735,0,0
2019-07-12,52800,53600,52800,53300,2400,0.009469697,52880,53260,52980,54310,56705.83333,0,0
2019-07-15,53300,53300,52500,52600,4688,-0.013133208,52900,53200,52960,54233.33333,56668.33333,1,1
2019-07-16,52600,53600,52600,53600,2540,0.019011407,53060,53160,53015,54180,56636.66667,0,0
2019-07-17,53600,53600,52900,53300,4481,-0.005597015,53120,53140,53050,54128.33333,56606.66667,0,0
2019-07-18,53300,56000,53000,54300,10226,0.018761726,53420,53200,53120,54075,56593.33333,-1,4
2019-07-19,54300,56100,53700,55300,13309,0.018416206,53820,53350,53260,54023.33333,56589.16667,0,0
2019-07-22,55300,56400,54100,54200,4338,-0.019891501,54140,53520,53310,53955,56570,0,0
2019-07-23,54200,55000,53700,54600,3281,0.007380074,54340,53700,53405,53905,56549.16667,0,0
2019-07-24,54000,55300,54000,54900,6270,0.005494505,54660,53890,53510,53855,56531.66667,1,2
2019-07-25,54900,55900,54300,54800,7063,-0.001821494,54760,54090,53615,53803.33333,56516.66667,1,2
2019-07-26,54700,55800,53900,54500,7662,-0.005474453,54600,54210,53735,53753.33333,56501.66667,1,1
2019-07-29,54600,54800,53500,53900,5603,-0.011009174,54540,54340,53770,53691.66667,56470.83333,0,0
2019-07-30,54200,55500,53800,54500,3749,0.011131725,54520,54430,53795,53653.33333,56445.83333,1,1
2019-07-31,54500,55000,53700,54200,2677,-0.005504587,54380,54520,53830,53613.33333,56419.16667,0,0
2019-08-01,54200,54200,53600,53600,2132,-0.011070111,54140,54450,53825,53548.33333,56385.83333,0,0
2019-08-02,53300,54000,53000,53700,2355,0.001865672,53980,54290,53820,53495,56355,1,1
2019-08-05,54300,54400,52000,52400,4976,-0.024208566,53680,54110,53815,53420,56315.83333,0,0
2019-08-06,52000,52400,50500,51000,8603,-0.026717557,52980,53750,53725,53358.33333,56264.16667,0,0
2019-08-07,50800,52200,50700,51100,3382,0.001960784,52360,53370,53630,53315,56210.83333,-1,1
2019-08-08,51000,51700,50700,51700,3900,0.011741683,51980,53060,53575,53255,56162.5,0,0
2019-08-09,51700,52100,51200,51400,2154,-0.005802708,51520,52750,53480,53203.33333,56105,0,0
2019-08-12,51200,52000,51000,51700,3850,0.005836576,51380,52530,53435,53170,56040.83333,0,1
2019-08-13,50600,51500,50600,51100,7627,-0.011605416,51400,52190,53310,53136.66667,55965,0,5
2019-08-14,51100,51700,51000,51300,4284,0.003913894,51440,51900,53210,53120,55895,0,0
2019-08-16,51200,51400,50200,50200,6208,-0.021442495,51140,51560,53005,53086.66667,55825.83333,0,0
2019-08-19,50000,50900,50000,50600,6656,0.007968127,50980,51250,52770,53053.33333,55749.16667,0,0
2019-08-20,50200,51300,50200,50700,4718,0.001976285,50780,51080,52595,53013.33333,55672.5,1,3
2019-08-21,50900,51000,50200,50500,4972,-0.003944773,50660,51030,52390,52978.33333,55596.66667,0,0
2019-08-22,50600,50900,50300,50500,3468,0,50500,50970,52170,52948.33333,55520,0,0
2019-08-23,50400,50900,50100,50100,4130,-0.007920792,50480,50810,51935,52921.66667,55445,0,0
2019-08-26,50300,50300,49550,50300,5354,0.003992016,50420,50700,51725,52901.66667,55372.5,1,1
2019-08-27,50400,50500,49750,49750,4101,-0.010934394,50230,50505,51517.5,52867.5,55288.75,0,0
2019-08-28,49500,49900,49300,49750,2022,0,50080,50370,51280,52815,55200.83333,1,1
2019-08-29,49950,50800,49650,50600,2328,0.017085427,50100,50300,51100,52760,55118.33333,1,2
2019-08-30,50700,50900,50000,50200,2393,-0.007905138,50120,50300,50930,52698.33333,55014.16667,1,1
2019-09-02,49900,50500,49850,49900,3926,-0.005976096,50040,50230,50740,52626.66667,54907.5,0,0
2019-09-03,50300,50300,49600,49650,5732,-0.00501002,50020,50125,50602.5,52550.83333,54793.75,0,0
2019-09-04,49800,49800,49450,49500,6404,-0.003021148,49970,50025,50527.5,52464.16667,54671.25,0,0
2019-09-05,49450,50100,49450,49750,4669,0.005050505,49800,49950,50460,52385,54560,1,2
2019-09-06,49800,50100,49550,49600,2546,-0.003015075,49680,49900,50355,52333.33333,54454.16667,1,1
2019-09-09,50300,50300,49600,49650,1830,0.001008065,49630,49835,50267.5,52242.5,54361.25,0,0
2019-09-10,49850,50100,49500,50100,2501,0.009063444,49720,49870,50187.5,52194.16667,54275.41667,0,0
2019-09-11,50200,50300,49750,49800,9286,-0.005988024,49780,49875,50122.5,52149.16667,54176.25,1,3
2019-09-16,50300,50300,49500,50100,7526,0.006024096,49850,49825,50062.5,52107.5,54077.08333,-1,1
2019-09-17,50100,50700,49900,50600,6370,0.00998004,50050,49865,50082.5,52069.16667,54002.08333,0,0
2019-09-18,50800,50800,50200,50500,2881,-0.001976285,50220,49925,50077.5,52035.83333,53924.58333,0,0
2019-09-19,50500,50900,50000,50500,12487,0,50300,50010,50067.5,51990.83333,53826.25,0,0
2019-09-20,50700,51200,50700,50700,3828,0.003960396,50480,50130,50077.5,51957.5,53727.91667,1,3
2019-09-23,50900,51000,50300,50500,4908,-0.003944773,50560,50205,50077.5,51919.16667,53640.41667,-1,1
2019-09-24,50100,51100,50100,50900,7880,0.007920792,50620,50335,50117.5,51889.16667,53556.25,0,0
2019-09-25,50900,51200,50300,50400,9485,-0.009823183,50600,50410,50122.5,51860.83333,53477.08333,1,2
2019-09-26,51000,51000,50200,50700,3850,0.005952381,50640,50470,50170,51819.16667,53407.91667,1,1
2019-09-27,50800,50800,49850,49850,5816,-0.016765286,50470,50475,50175,51750,53335,-1,3
2019-09-30,49850,50200,49750,49900,4945,0.001003009,50350,50455,50140,51690,53274.16667,0,0
2019-10-01,50300,50300,50000,50200,1472,0.006012024,50210,50415,50140,51631.66667,53211.66667,1,1
2019-10-02,50400,50400,49700,49750,3588,-0.008964143,50080,50340,50132.5,51564.16667,53145.41667,1,1
2019-10-04,50000,50000,49300,49500,5618,-0.005025126,49840,50240,50125,51514.16667,53072.91667,0,0
2019-10-07,49300,49600,49300,49500,3139,0,49770,50120,50125,51459.16667,52997.08333,-1,1
2019-10-08,49500,50200,49500,50100,3250,0.012121212,49810,50080,50142.5,51410.83333,52929.58333,0,0
2019-10-10,50100,51200,49950,51000,8183,0.017964072,49970,50090,50212.5,51380.83333,52878.75,0,0
2019-10-11,50900,51300,50400,51200,6070,0.003921569,50260,50170,50290,51345.83333,52827.91667,0,0
2019-10-14,51200,51200,50100,50500,4886,-0.013671875,50460,50150,50310,51310.83333,52772.08333,-1,1
2019-10-15,50800,50900,48950,49150,11106,-0.026732673,50390,50080,50277.5,51236.66667,52708.33333,0,2
2019-10-16,49400,51000,49400,50300,8753,0.023397762,50430,50120,50287.5,51186.66667,52657.5,1,5
2019-10-17,51000,51000,50300,50300,2489,0,50290,50130,50272.5,51120,52597.5,1,1
2019-10-18,50300,50600,49950,50300,4013,0,50110,50185,50262.5,51036.66667,52530,0,0
2019-10-21,50600,50600,49600,49700,4100,-0.011928429,49950,50205,50222.5,50961.66667,52458.33333,0,0
2019-10-22,50200,50200,49500,49600,3408,-0.002012072,50040,50215,50167.5,50878.33333,52391.66667,0,0
2019-10-23,49550,49800,49200,49250,4846,-0.007056452,49830,50130,50105,50784.16667,52319.58333,1,2
2019-10-24,49250,49450,48850,49000,9263,-0.005076142,49570,49930,50010,50687.5,52245.41667,0,0
2019-10-25,49300,49500,48850,49350,2442,0.007142857,49380,49745,49957.5,50601.66667,52177.5,1,3
2019-10-28,49500,49500,48950,49000,5596,-0.007092199,49240,49595,49872.5,50520,52105.83333,0,0
2019-10-29,49450,49450,48900,48900,3298,-0.002040816,49100,49570,49825,50426.66667,52040,1,2
2019-10-30,49000,49050,48850,48850,3709,-0.001022495,49020,49425,49772.5,50337.5,51975.41667,0,0
2019-10-31,49100,49150,48700,49100,4794,0.005117707,49040,49305,49717.5,50262.5,51905.41667,1,1
2019-11-01,49200,49250,48700,49250,4594,0.00305499,49020,49200,49692.5,50188.33333,51841.66667,1,1
2019-11-04,49300,49750,48850,49400,7718,0.003045685,49100,49170,49687.5,50138.33333,51779.16667,-1,1
2019-11-05,49600,50300,49400,50300,11604,0.018218623,49380,49240,49727.5,50126.66667,51742.5,0,0
2019-11-06,50400,50500,49300,49350,6726,-0.01888668,49480,49250,49690,50097.5,51706.25,1,2
2019-11-07,49350,49800,49350,49800,3471,0.009118541,49620,49330,49630,50065.83333,51660.41667,0,0
2019-11-08,49850,50100,49300,49300,6857,-0.010040161,49630,49325,49535,50030.83333,51617.08333,-1,1
2019-11-11,49550,49950,49200,49300,4197,0,49610,49355,49475,49990.83333,51580.41667,-1,1
2019-11-12,49700,49700,49000,49550,5604,0.005070994,49460,49420,49495,49965,51550.83333,0,0
2019-11-13,49050,49700,49050,49350,5773,-0.004036327,49460,49470,49447.5,49932.5,51526.25,0,0
2019-11-14,49550,49550,49100,49550,4518,0.004052685,49410,49515,49410,49921.66667,51504.16667,0,1
2019-11-15,49550,49800,49350,49600,4976,0.001009082,49470,49550,49375,49905,51479.16667,1,2
2019-11-18,49850,49850,49250,49300,4819,-0.006048387,49470,49540,49355,49881.66667,51447.5,0,0
2019-11-19,49450,49500,49000,49100,9260,-0.004056795,49380,49420,49330,49858.33333,51418.33333,0,0
2019-11-20,49000,49000,48250,48800,13002,-0.00610998,49270,49365,49307.5,49830,51389.16667,1,2
2019-11-21,48800,48800,48200,48500,6525,-0.006147541,49060,49235,49282.5,49803.33333,51362.5,0,0
2019-11-22,48800,48800,48200,48300,2994,-0.004123711,48800,49135,49230,49770,51335.83333,0,0
2019-11-25,48500,48950,48450,48750,3919,0.00931677,48690,49080,49217.5,49753.33333,51310.41667,0,0
2019-11-26,48600,48750,48400,48700,6131,-0.001025641,48610,48995,49207.5,49735.83333,51275.41667,1,1
2019-11-27,48750,48900,48000,48250,6398,-0.009240246,48500,48885,49177.5,49696.66667,51228.33333,1,1
2019-11-28,48450,48450,48100,48200,2783,-0.001036269,48440,48750,49132.5,49663.33333,51180.83333,0,0
2019-11-29,48300,48450,47900,48400,4364,0.004149378,48460,48630,49090,49638.33333,51132.5,0,0
2019-12-02,48350,48650,48000,48100,4929,-0.006198347,48330,48510,49025,49612.5,51081.66667,0,0
2019-12-03,48050,48500,47550,47850,6415,-0.005197505,48160,48385,48902.5,49585,51024.58333,1,2
2019-12-04,47850,47850,47300,47300,5017,-0.011494253,47970,48235,48800,49544.16667,50964.58333,1,1
2019-12-05,47800,48150,46950,48050,7320,0.015856237,47940,48190,48712.5,49518.33333,50925.83333,0,0
2019-12-06,48050,48200,47750,47900,2975,-0.003121748,47840,48150,48642.5,49489.16667,50865.83333,1,1
2019-12-09,47900,48350,47500,48250,4153,0.007306889,47870,48100,48590,49458.33333,50826.25,0,1
2019-12-10,48250,48400,47850,48250,3757,0,47950,48055,48525,49432.5,50790.83333,0,0
2019-12-11,48300,48650,47800,48650,4744,0.008290155,48220,48095,48490,49408.33333,50757.91667,1,2
2019-12-12,48650,49150,48550,49150,6171,0.010277492,48440,48190,48470,49384.16667,50726.66667,0,0
2019-12-13,49350,49400,48950,49350,5145,0.004069176,48730,48285,48457.5,49365,50700.41667,0,0
2019-12-16,49350,49500,48600,49000,2615,-0.007092199,48880,48375,48442.5,49340,50665.41667,0,0
2019-12-17,49000,49150,48550,48900,2057,-0.002040816,49010,48480,48432.5,49310,50633.75,0,0
2019-12-18,49150,49150,48500,48550,1944,-0.007157464,48990,48605,48420,49277.5,50598.33333,0,0
2019-12-19,48950,48950,48000,48000,4106,-0.011328527,48760,48600,48395,49229.16667,50559.16667,1,1
2019-12-20,48000,48500,48000,48350,3158,0.007291667,48560,48645,48397.5,49195,50527.91667,0,0
2019-12-23,48350,48800,48350,48400,2981,0.001034126,48440,48660,48380,49156.66667,50487.91667,0,0
2019-12-24,48850,48850,48050,48100,2897,-0.006198347,48280,48645,48350,49127.5,50438.75,1,1
2019-12-26,48100,48650,48100,48350,3261,0.005197505,48240,48615,48355,49101.66667,50395.83333,0,0
2019-12-27,48100,48600,47700,47750,4881,-0.012409514,48190,48475,48332.5,49060.83333,50346.25,0,0
2019-12-30,48100,48550,47050,47300,4810,-0.009424084,47980,48270,48277.5,49020,50292.08333,0,0
2020-01-02,47400,47650,47250,47350,3576,0.001057082,47770,48105,48240,48984.16667,50249.16667,0,0
2020-01-03,47350,47600,47200,47500,2476,0.003167899,47650,47965,48222.5,48950.83333,50205,0,0
2020-01-06,47150,47500,45350,46100,19001,-0.029473684,47200,47720,48162.5,48884.16667,50147.5,0,0
2020-01-07,46350,46350,45400,45400,7389,-0.015184382,46730,47460,48030,48790.83333,50085.83333,0,0
2020-01-08,45000,45800,44150,44650,7235,-0.016519824,46200,47090,47867.5,48681.66667,50013.75,0,0
2020-01-09,44950,45500,44400,44400,6534,-0.005599104,45610,46690,47675,48580,49945.41667,0,0
2020-01-10,44500,44950,44200,44300,4964,-0.002252252,44970,46310,47477.5,48499.16667,49867.91667,0,0
2020-01-13,44350,44800,44300,44500,2670,0.004514673,44650,45925,47270,48402.5,49794.58333,0,0
2020-01-14,44500,44900,44000,44550,1972,0.001123596,44480,45605,47040,48306.66667,49713.33333,0,0
2020-01-15,44550,44800,44000,44750,1180,0.004489338,44500,45350,46810,48214.16667,49625.41667,0,0
2020-01-16,45000,45000,44600,44750,1039,0,44570,45090,46597.5,48131.66667,49546.66667,1,1
2020-01-17,44800,44800,44400,44400,2255,-0.007821229,44590,44780,46372.5,48045,49461.66667,1,2
2020-01-20,44650,44700,44350,44350,2472,-0.001126126,44560,44605,46162.5,47963.33333,49373.75,0,0
2020-01-21,44350,44350,44200,44200,3226,-0.003382187,44490,44485,45972.5,47883.33333,49285.41667,1,1
2020-01-22,44600,44600,44100,44400,2509,0.004524887,44420,44460,45775,47800.83333,49201.25,1,2
2020-01-23,44050,44200,43950,43950,7113,-0.010135135,44260,44415,45552.5,47716.66667,49118.33333,0,0
2020-01-28,43950,44200,43100,43500,8718,-0.010238908,44080,44335,45322.5,47626.66667,49026.66667,0,0
2020-01-29,43500,44000,42900,42900,4742,-0.013793103,43790,44175,45050,47527.5,48932.5,0,0
2020-01-30,43200,43200,42050,42100,5227,-0.018648019,43370,43930,44767.5,47410.83333,48836.66667,-1,1
2020-01-31,41700,42300,41500,41700,4643,-0.009501188,42830,43625,44487.5,47285,48736.66667,0,0
2020-02-03,41700,41700,40500,40650,6300,-0.025179856,42170,43215,44152.5,47139.16667,48638.75,0,0
2020-02-04,40600,40900,40150,40350,10461,-0.007380074,41540,42810,43795,46973.33333,48550,1,2
2020-02-05,40350,40400,39800,40200,17060,-0.003717472,41000,42395,43500,46820.83333,48459.16667,1,1
2020-02-06,40450,41800,40350,41400,15324,0.029850746,40860,42115,43300,46680.83333,48373.33333,0,0
2020-02-07,41400,42150,40950,42100,8732,0.016908213,40940,41885,43172.5,46560.83333,48295.83333,0,0
2020-02-10,42500,42500,41700,42200,4577,0.002375297,41250,41710,43062.5,46442.5,48216.66667,0,0
2020-02-11,42400,42400,41900,42350,6571,0.003554502,41650,41595,42965,46322.5,48143.75,1,1
2020-02-12,42600,42800,42200,42750,6505,0.0094451,42160,41580,42877.5,46212.5,48072.5,1,2
2020-02-13,42750,44300,42750,44100,9560,0.031578947,42700,41780,42855,46121.66667,48021.66667,-1,1
2020-02-14,44100,44100,43500,43600,4307,-0.011337868,43000,41970,42797.5,46021.66667,47963.33333,1,2
2020-02-17,43600,44250,43000,43800,7824,0.004587156,43320,42285,42750,45930,47905.83333,0,0
2020-02-18,43400,43600,42900,43000,2547,-0.01826484,43450,42550,42680,45828.33333,47843.33333,0,0
2020-02-19,43350,43400,42150,42800,2388,-0.004651163,43460,42810,42602.5,45728.33333,47779.16667,-1,1
2020-02-20,43100,43100,41650,41750,3597,-0.02453271,42990,42845,42480,45615.83333,47709.58333,0,0
2020-02-21,41900,42050,41050,41150,2964,-0.014371257,42500,42750,42317.5,45496.66667,47633.33333,0,0
2020-02-24,41000,41000,39550,40000,5984,-0.027946537,41740,42530,42120,45350.83333,47552.08333,0,0
2020-02-25,40000,40550,39700,40550,8744,0.01375,41250,42350,41972.5,45215,47475.41667,1,1
2020-02-26,40050,40050,39550,39850,6899,-0.017262639,40660,42060,41820,45075,47385.83333,1,2
2020-02-27,40150,40150,39500,39500,7657,-0.008782936,40210,41600,41690,44930,47296.66667,1,1
2020-02-28,39450,39500,38150,38200,8173,-0.032911392,39620,41060,41515,44760,47199.16667,0,0
2020-03-02,37200,38700,37100,38000,5986,-0.005235602,39220,40480,41382.5,44591.66667,47102.08333,0,0
2020-03-03,38250,39100,38150,38450,2656,0.011842105,38800,40025,41287.5,44435,47010,0,0
2020-03-04,37600,38400,37600,38150,6755,-0.007802341,38460,39560,41185,44282.5,46913.33333,0,0
2020-03-05,38000,39550,38000,39350,11972,0.031454784,38430,39320,41082.5,44137.5,46827.91667,0,0
2020-03-06,39300,39300,38450,39200,3205,-0.003811944,38630,39125,40937.5,43992.5,46740.83333,0,0
2020-03-09,38200,38400,37750,38350,6859,-0.021683673,38700,38960,40745,43827.5,46642.91667,0,0
2020-03-10,37950,40000,37950,39450,7790,0.028683181,38900,38850,40600,43680.83333,46556.66667,0,0
2020-03-11,38850,39550,37900,38400,6591,-0.02661597,38950,38705,40382.5,43510,46459.16667,1,2
2020-03-12,37900,38000,36100,37000,10431,-0.036458333,38480,38455,40027.5,43307.5,46345.83333,0,0
2020-03-13,33500,35850,31850,32650,21355,-0.117567568,37170,37900,39480,43029.16667,46197.08333,0,0
2020-03-16,33000,33100,31650,31650,6234,-0.030627871,35830,37265,38872.5,42740,46040,0,0
2020-03-17,30700,31750,30000,30350,7978,-0.04107425,34010,36455,38240,42430.83333,45870.41667,0,0
2020-03-18,30600,31600,30050,30700,9894,0.011532125,32470,35710,37635,42133.33333,45705.41667,0,0
2020-03-19,30500,30500,26500,27600,18260,-0.100977199,30590,34535,36927.5,41793.33333,45511.25,0,0
2020-03-20,26550,28350,26550,28350,9797,0.027173913,29730,33450,36287.5,41460,45327.5,0,0
2020-03-23,27500,27550,25800,26000,16106,-0.082892416,28600,32215,35587.5,41086.66667,45121.66667,1,1
2020-03-24,25800,26900,25750,26900,15931,0.034615385,27910,30960,34905,40733.33333,44930.41667,-1,2
2020-03-25,27400,29900,27400,29300,15203,0.089219331,27630,30050,34377.5,40415.83333,44758.75,-1,2
2020-03-26,30000,30900,29250,29900,10319,0.020477816,28090,29340,33897.5,40118.33333,44589.58333,0,1
2020-03-27,30600,31100,29700,30050,9048,0.005016722,28430,29080,33490,39830.83333,44425.41667,1,2
2020-03-30,30050,31000,28550,30000,7374,-0.001663894,29230,28915,33090,39541.66667,44262.91667,0,0
2020-03-31,31000,31150,30300,31000,5528,0.033333333,30050,28980,32717.5,39266.66667,44108.75,0,0
2020-04-01,31250,31800,30250,31000,6604,0,30390,29010,32360,39015,43949.58333,0,0
2020-04-02,30000,31000,29000,30550,18724,-0.014516129,30520,29305,31920,38767.5,43779.16667,1,1
2020-04-03,30550,30700,29000,30050,17894,-0.016366612,30520,29475,31462.5,38524.16667,43602.91667,0,0
2020-04-06,29850,30300,29550,30000,24105,-0.001663894,30520,29875,31045,38284.16667,43432.08333,1,1
2020-04-07,30750,31300,30400,30900,22340,0.03,30500,30275,30617.5,38060.83333,43280,1,3
2020-04-08,30900,32450,30400,32450,11285,0.050161812,30790,30590,30320,37860,43131.25,1,1
2020-04-09,32500,33100,31800,32000,18575,-0.013867488,31080,30800,30070,37650.83333,42978.75,1,3
2020-04-10,32000,33300,32000,32900,12812,0.028125,31650,31085,30082.5,37453.33333,42833.75,0,1
2020-04-13,33200,34750,33000,33850,14283,0.02887538,32420,31470,30192.5,37271.66667,42701.66667,0,0
2020-04-14,33850,34500,33600,34000,11729,0.004431315,33040,31770,30375,37098.33333,42571.66667,0,0
2020-04-16,34050,34100,33050,34050,12063,0.001470588,33360,32075,30542.5,36926.66667,42445,0,0
2020-04-17,34200,34950,33400,34750,12810,0.020558003,33910,32495,30900,36769.16667,42326.25,0,0
2020-04-20,34750,36350,34750,35950,12410,0.034532374,34520,33085,31280,36628.33333,42214.58333,0,0
2020-04-21,36000,36050,34700,36050,16123,0.002781641,34960,33690,31782.5,36496.66667,42106.66667,0,1
2020-04-22,35100,35800,34750,35050,12899,-0.027739251,35170,34105,32190,36355.83333,41991.25,1,1
2020-04-23,35850,36000,34800,35650,16334,0.017118402,35490,34425,32507.5,36235,41881.25,1,1
2020-04-24,35650,35750,34600,34900,13058,-0.021037868,35520,34715,32757.5,36115,41762.91667,0,0
2020-04-27,35850,35850,34550,35250,14146,0.010028653,35380,34950,33017.5,36007.5,41646.25,0,0
2020-04-28,35550,37550,35550,37050,20614,0.05106383,35580,35270,33370,35947.5,41543.33333,1,2
2020-04-29,37850,38800,37550,38600,13152,0.041835358,36290,35730,33750,35918.33333,41445.83333,1,3
2020-05-04,38250,39700,38100,39200,13750,0.015544041,37000,36245,34160,35901.66667,41361.25,0,0
2020-05-06,39200,39400,37900,38500,9792,-0.017857143,37720,36620,34557.5,35853.33333,41267.08333,0,0
2020-05-07,38300,38300,37450,38100,5165,-0.01038961,38290,36835,34960,35786.66667,41173.75,0,0
2020-05-08,38150,38800,37800,38700,5149,0.015748031,38620,37100,35395,35728.33333,41085.41667,0,0
2020-05-11,38950,39050,38500,38950,7282,0.006459948,38690,37490,35797.5,35671.66667,40997.08333,0,1
2020-05-12,39000,39050,38000,39050,9999,0.002567394,38660,37830,36127.5,35610,40911.25,1,1
2020-05-13,40500,40600,39350,40350,22362,0.033290653,39030,38375,36545,35547.5,40834.58333,1,6
2020-05-14,40350,42500,39950,41800,19855,0.035935564,39770,39030,36990,35517.5,40769.58333,0,0
2020-05-15,41850,43300,41850,43050,15143,0.029904306,40640,39630,37450,35505,40717.5,0,0
2020-05-18,43050,43900,41900,42800,12304,-0.005807201,41410,40050,37890,35501.66667,40665,0,0
2020-05-19,42850,42850,41500,42000,11073,-0.018691589,42000,40330,38287.5,35488.33333,40608.33333,1,3
2020-05-20,42000,42950,41700,42350,6364,0.008333333,42400,40715,38667.5,35498.33333,40557.08333,1,1
2020-05-21,42050,43250,41800,41900,7142,-0.010625738,42420,41095,38965,35510.83333,40503.75,0,0
2020-05-22,42600,42600,40900,40900,4974,-0.023866348,41990,41315,39207.5,35525.83333,40438.33333,1,2
2020-05-25,41100,41950,40500,40900,4101,0,41610,41510,39500,35531.66667,40373.33333,0,0
2020-05-26,41000,41000,38450,40800,7829,-0.002444988,41370,41685,39757.5,35547.5,40311.25,0,0
2020-05-27,41200,41200,39700,40100,16598,-0.017156863,40920,41660,40017.5,35557.5,40243.75,1,1
2020-05-28,40450,40450,39500,39900,11284,-0.004987531,40520,41470,40250,35585.83333,40172.91667,1,3
2020-05-29,39850,39850,38950,39150,5564,-0.018796992,40170,41080,40355,35605,40098.33333,0,0
2020-06-01,40000,40000,39200,39500,3090,0.008939974,39890,40750,40400,35622.5,40028.75,0,0
2020-06-02,39750,39750,39150,39400,6533,-0.002531646,39610,40490,40410,35643.33333,39962.91667,0,0
2020-06-03,39700,40500,39350,39500,17456,0.002538071,39490,40205,40460,35645.83333,39891.66667,1,1
2020-06-04,39700,39950,39150,39150,5687,-0.008860759,39340,39930,40512.5,35645,39818.75,0,0
2020-06-05,39550,39550,38200,38700,17155,-0.011494253,39250,39710,40512.5,35650.83333,39739.16667,0,0
2020-06-08,38900,39000,38150,38500,16939,-0.005167959,39050,39470,40490,35635,39657.91667,0,0
2020-06-09,39200,39200,37900,38000,14714,-0.012987013,38770,39190,40437.5,35628.33333,39569.16667,0,0
2020-06-10,37600,38200,37250,37500,13356,-0.013157895,38370,38930,40295,35636.66667,39472.08333,1,1
2020-06-11,37300,37750,37050,37300,9474,-0.005333333,38000,38670,40070,35714.16667,39371.66667,0,0
2020-06-12,36700,36700,35600,35600,20489,-0.045576408,37380,38315,39697.5,35780,39260,0,0
2020-06-15,35600,35600,32550,32550,20235,-0.085674157,36190,37620,39185,35816.66667,39123.75,0,0
2020-06-16,32900,33700,32900,33100,28282,0.016897081,35210,36990,38740,35856.66667,38995,1,1
2020-06-17,33100,35550,33000,35300,15215,0.066465257,34770,36570,38387.5,35985,38889.16667,1,1
2020-06-18,35650,36000,34400,34600,17715,-0.019830028,34230,36115,38022.5,36089.16667,38774.58333,1,3
2020-06-19,34300,34950,34000,34500,9782,-0.002890173,34010,35695,37702.5,36230.83333,38658.75,0,0
2020-06-22,34450,35000,33800,33800,6766,-0.020289855,34260,35225,37347.5,36345.83333,38539.58333,0,0
2020-06-23,33850,34350,33700,33700,4818,-0.00295858,34380,34795,36992.5,36419.16667,38417.5,1,2
2020-06-24,34350,34350,33500,33650,6155,-0.00148368,34050,34410,36670,36481.66667,38300,0,0
2020-06-25,33650,33650,32950,33200,7646,-0.013372957,33770,34000,36335,36534.16667,38182.5,0,0
2020-06-26,33950,33950,32300,33000,13049,-0.006024096,33470,33740,36027.5,36584.16667,38062.91667,0,0
2020-06-29,32300,32900,32250,32300,5666,-0.021212121,33170,33715,35667.5,36605.83333,37936.25,0,0
2020-06-30,32300,32900,32300,32450,6681,0.004643963,32920,33650,35320,36630,37822.5,0,0
2020-07-01,32450,32950,32000,32000,9871,-0.013867488,32590,33320,34945,36654.16667,37710.83333,0,0
2020-07-02,32150,32800,32000,32350,3722,0.0109375,32420,33095,34605,36692.5,37608.33333,1,1
2020-07-03,32950,34000,32500,33450,19062,0.034003091,32510,32990,34342.5,36750,37517.08333,1,1
2020-07-06,33900,33900,33400,33700,9965,0.007473842,32790,32980,34102.5,36796.66667,37428.75,1,1
2020-07-07,33700,34200,32900,33050,12422,-0.019287834,32910,32915,33855,36806.66667,37333.33333,0,0
2020-07-08,33000,33400,32350,32500,20313,-0.016641452,33010,32800,33605,36815,37232.91667,1,2
2020-07-09,32500,32900,32350,32500,9268,0,33040,32730,33365,36808.33333,37130.83333,-1,1
2020-07-10,32500,32700,31500,31800,18817,-0.021538462,32710,32610,33175,36774.16667,37022.91667,0,0
2020-07-13,32300,32400,31900,32150,22973,0.011006289,32400,32595,33155,36743.33333,36920.83333,0,0
2020-07-14,32400,33950,32000,33700,15836,0.048211509,32530,32720,33185,36737.5,36832.08333,0,0
2020-07-15,34100,35900,33750,34350,24364,0.019287834,32900,32955,33137.5,36730.83333,36750,1,1
2020-07-16,34500,35150,34050,34050,9853,-0.008733624,33210,33125,33110,36699.16667,36663.75,0,0
2020-07-17,33750,35600,33750,34500,11980,0.013215859,33750,33230,33110,36673.33333,36585,0,0
2020-07-20,34550,36600,34500,36000,14944,0.043478261,34520,33460,33220,36689.16667,36522.5,1,2
2020-07-21,36000,36400,35900,36400,10474,0.011111111,35060,33795,33355,36701.66667,36468.33333,0,3
2020-07-22,36400,36400,35200,35500,15397,-0.024725275,35290,34095,33447.5,36711.66667,36413.33333,-1,1
2020-07-23,35900,35900,34600,35150,8664,-0.009859155,35510,34360,33545,36710,36358.75,0,0
2020-07-24,35000,35000,34300,34950,7479,-0.0056899,35600,34675,33642.5,36675,36311.25,1,2
2020-07-27,34550,35300,34550,35150,5576,0.005722461,35430,34975,33785,36617.5,36267.91667,1,1
2020-07-28,35150,35500,34550,34950,6517,-0.0056899,35140,35100,33910,36546.66667,36224.16667,0,0
2020-07-29,34500,34900,33850,34300,18838,-0.018597997,34900,35095,34025,36476.66667,36165,0,4
2020-07-30,34350,35000,34150,34400,11176,0.002915452,34750,35130,34127.5,36415,36100.83333,-1,1
2020-07-31,34700,34700,34150,34150,5537,-0.007267442,34590,35095,34162.5,36339.16667,36033.75,0,0
2020-08-03,34200,35400,34200,35400,12319,0.036603221,34640,35035,34247.5,36280,35975.83333,1,1
2020-08-04,35450,35600,35000,35300,19940,-0.002824859,34710,34925,34360,36217.5,35913.75,1,1
2020-08-05,35600,35650,35150,35200,14765,-0.002832861,34890,34895,34495,36131.66667,35839.58333,0,0
2020-08-06,35150,35450,34750,35000,12413,-0.005681818,35010,34880,34620,36018.33333,35767.91667,0,0
2020-08-07,34800,35650,34550,34550,15193,-0.012857143,35090,34840,34757.5,35876.66667,35690.83333,0,0
2020-08-10,34550,35100,34550,34900,14578,0.010130246,34990,34815,34895,35745,35623.33333,0,0
2020-08-11,34800,35750,34800,35200,23675,0.008595989,34970,34840,34970,35631.66667,35560,0,0
2020-08-12,35500,35500,34000,35000,31129,-0.005681818,34930,34910,35002.5,35509.16667,35503.75,0,0
2020-08-13,35300,35400,34800,34850,19528,-0.004285714,34900,34955,35042.5,35391.66667,35451.25,0,0
2020-08-14,35300,35750,34800,35600,17503,0.021520803,35110,35100,35097.5,35303.33333,35414.58333,0,0
2020-08-18,35600,35600,34000,34250,25886,-0.037921348,34980,34985,35010,35192.5,35362.08333,0,0
2020-08-19,34400,34450,34100,34300,11593,0.001459854,34800,34885,34905,35084.16667,35315.83333,1,1
2020-08-20,34300,34700,33050,33200,12920,-0.032069971,34440,34685,34790,34969.16667,35263.33333,1,1
2020-08-21,33850,34000,33050,33700,3401,0.015060241,34210,34555,34717.5,34865.83333,35225.83333,0,0
2020-08-24,33900,34000,33150,33450,5635,-0.007418398,33780,34445,34642.5,34770.83333,35187.91667,0,0
2020-08-25,33500,34050,33000,34000,8061,0.016442451,33730,34355,34585,34679.16667,35150.83333,0,0
2020-08-26,34300,35500,33200,33900,5782,-0.002941176,33650,34225,34532.5,34587.5,35115.41667,1,1
2020-08-27,34150,34150,33400,33450,5458,-0.013274336,33700,34070,34490,34486.66667,35066.25,0,0
2020-08-28,33250,34000,33200,33450,10829,0,33650,33930,34442.5,34391.66667,35018.33333,0,0
2020-08-31,33400,33950,33300,33950,14551,0.014947683,33750,33765,34432.5,34312.5,34981.66667,0,0
2020-09-01,33900,33900,33500,33850,3766,-0.002945508,33720,33725,34355,34235,34935,1,1
2020-09-02,34700,34700,33650,34050,3735,0.005908419,33750,33700,34292.5,34169.16667,34898.75,1,1
2020-09-03,34050,34400,33850,34350,6464,0.008810573,33930,33815,34250,34116.66667,34876.66667,0,0
2020-09-04,33500,34000,33500,33800,5728,-0.016011645,34000,33825,34190,34058.33333,34886.25,0,0
2020-09-07,34000,34850,33750,34200,6262,0.01183432,34050,33900,34172.5,34035,34907.5,0,0
2020-09-08,34550,34900,34050,34500,9499,0.00877193,34180,33950,34152.5,34067.5,34942.08333,1,1
2020-09-09,34300,34300,34000,34150,4213,-0.010144928,34200,33975,34100,34085,34970.83333,0,0
2020-09-10,34450,34600,34050,34250,8340,0.002928258,34180,34055,34062.5,34067.5,35026.25,0,0
2020-09-11,34350,34350,33900,34050,10088,-0.005839416,34230,34115,34022.5,34058.33333,35073.75,0,0
2020-09-14,33900,34650,33900,34400,9106,0.010279001,34270,34160,33962.5,34056.66667,35143.75,0,0
2020-09-15,34750,35150,34450,35000,9410,0.01744186,34370,34275,34000,34076.66667,35211.25,1,1
2020-09-16,35150,36350,35100,35850,32756,0.024285714,34710,34455,34077.5,34112.5,35265.83333,0,0
2020-09-17,36000,36450,35300,35350,8530,-0.013947001,34930,34555,34185,34140.83333,35311.25,0,0
2020-09-18,35350,35900,35250,35800,9514,0.012729844,35280,34755,34290,34184.16667,35359.16667,-1,1
2020-09-21,35800,36100,35650,35950,7053,0.004189944,35590,34930,34415,34233.33333,35408.75,0,0
2020-09-22,35950,36000,34700,34950,8385,-0.027816412,35580,34975,34462.5,34277.5,35441.66667,0,0
2020-09-23,35250,35350,34500,34950,7563,0,35400,35055,34515,34319.16667,35474.58333,1,1
2020-09-24,34800,34800,33200,33800,10317,-0.032904149,35090,35010,34532.5,34349.16667,35501.66667,1,1
2020-09-25,34000,34600,33800,33900,5605,0.00295858,34710,34995,34555,34375,35533.75,0,3
2020-09-28,34100,35600,34100,34750,4233,0.025073746,34470,35030,34595,34396.66667,35573.33333,0,0
2020-09-29,34750,35500,34750,35050,2930,0.008633094,34490,35035,34655,34419.16667,35607.91667,1,1
2020-10-05,34950,35900,34500,35600,7127,0.015691869,34620,35010,34732.5,34461.66667,35634.16667,0,0
2020-10-06,35950,36000,35500,35800,7084,0.005617978,35020,35055,34805,34516.66667,35665.83333,0,0
2020-10-07,35750,35800,35250,35750,6212,-0.001396648,35390,35050,34902.5,34570.83333,35689.58333,1,4
2020-10-08,35750,36000,35650,35950,8364,0.005594406,35630,35050,34990,34640,35707.08333,0,3
2020-10-12,36000,36200,35750,35850,9952,-0.002781641,35790,35140,35057.5,34701.66667,35722.5,0,1
2020-10-13,35850,36000,35350,35800,4760,-0.0013947,35830,35225,35140,34736.66667,35737.08333,0,0
2020-10-14,35800,35800,35300,35350,5898,-0.012569832,35740,35380,35195,34753.33333,35742.08333,0,0
2020-10-15,35250,35700,34750,35050,7222,-0.008486563,35600,35495,35245,34770,35734.58333,1,1
2020-10-16,35300,35800,34950,35350,12801,0.008559201,35480,35555,35292.5,34784.16667,35728.75,1,1
2020-10-19,35550,39750,35550,39600,165990,0.120226308,36230,36010,35522.5,34844.16667,35766.66667,0,0
2020-10-20,39900,40450,38150,38250,63516,-0.034090909,36720,36275,35642.5,34875,35788.33333,-1,1
2020-10-21,38500,39850,38350,39600,44113,0.035294118,37570,36655,35855,34943.33333,35827.5,0,0
2020-10-22,39450,40200,39000,39750,31248,0.003787879,38510,37055,36052.5,35020,35865,1,1
2020-10-23,39950,40150,38800,38950,22782,-0.020125786,39230,37355,36202.5,35086.66667,35880.83333,1,1
2020-10-26,38500,39000,37700,37700,24393,-0.032092426,38850,37540,36340,35129.16667,35873.33333,0,0
2020-10-27,37700,37750,36250,36750,20714,-0.025198939,38550,37635,36430,35159.16667,35852.91667,1,1
2020-10-28,36800,37450,36800,37400,9869,0.017687075,38110,37840,36610,35210.83333,35843.75,0,0
2020-10-29,36800,37250,36450,37100,12338,-0.00802139,37580,38045,36770,35255.83333,35835.41667,0,0
2020-10-30,37100,37200,36300,36300,10501,-0.021563342,37050,38140,36847.5,35291.66667,35815.41667,1,2
2020-11-02,36600,36950,36150,36950,9781,0.017906336,36900,37875,36942.5,35317.5,35798.75,0,0
2020-11-03,37100,38400,37000,37300,8301,0.00947226,37010,37780,37027.5,35350.83333,35784.16667,0,0
2020-11-04,37300,37900,36900,37350,11797,0.001340483,37000,37555,37105,35386.66667,35759.16667,1,1
2020-11-05,37300,38150,37300,37900,12748,0.014725569,37160,37370,37212.5,35435,35726.66667,0,0
2020-11-06,38000,38600,37500,38250,15022,0.009234828,37550,37300,37327.5,35496.66667,35686.66667,0,0
2020-11-09,38350,39350,38250,39200,20814,0.024836601,38000,37450,37495,35568.33333,35656.66667,1,1
2020-11-10,39250,39550,38650,39150,16227,-0.00127551,38370,37690,37662.5,35634.16667,35632.91667,1,3
2020-11-11,39250,39450,38900,39300,17869,0.003831418,38760,37880,37860,35705.83333,35607.5,0,0
2020-11-12,39750,39750,39100,39350,16897,0.001272265,39050,38105,38075,35780.83333,35586.25,0,6
2020-11-13,39350,40800,39250,40350,44611,0.025412961,39470,38510,38325,35860,35581.66667,0,0
2020-11-16,40900,40900,40200,40350,18889,0,39700,38850,38362.5,35961.66667,35577.08333,0,0
2020-11-17,40550,40550,39800,40050,15328,-0.007434944,39880,39125,38452.5,36057.5,35570.83333,0,0
2020-11-18,39900,39950,39000,39400,16296,-0.016229713,39900,39330,38442.5,36160.83333,35565,0,0
2020-11-19,39400,39850,39000,39300,9510,-0.002538071,39890,39470,38420,36254.16667,35560,1,1
2020-11-20,39450,39700,39200,39650,12957,0.008905852,39750,39610,38455,36357.5,35564.16667,0,0
2020-11-23,39800,40450,39650,40150,17650,0.01261034,39710,39705,38577.5,36460,35569.58333,0,0
2020-11-24,40300,40650,40100,40400,16681,0.00622665,39780,39830,38760,36568.33333,35577.91667,0,0
2020-11-25,40600,40800,40000,40200,18729,-0.004950495,39940,39920,38900,36680.83333,35583.75,0,0
2020-11-26,40200,40300,39600,39800,12660,-0.009950249,40040,39965,39035,36786.66667,35589.16667,0,1
2020-11-27,39800,40350,39700,40050,12447,0.006281407,40120,39935,39222.5,36888.33333,35600.41667,0,0
2020-11-30,39950,40450,39900,39950,12449,-0.002496879,40080,39895,39372.5,36990,35612.5,0,0
2020-12-01,40000,40400,40000,40350,10978,0.010012516,40070,39925,39525,37095,35632.08333,0,0
2020-12-02,40450,40500,40100,40450,7826,0.002478315,40120,40030,39680,37196.66667,35656.66667,0,0
2020-12-03,40450,40450,39900,40250,8262,-0.004944376,40210,40125,39797.5,37304.16667,35681.25,0,0
2020-12-04,40250,40300,39850,40000,10039,-0.00621118,40200,40160,39885,37400.83333,35717.91667,0,0
2020-12-07,40200,40200,39100,39550,11981,-0.01125,40120,40100,39902.5,37485,35776.25,0,0
2020-12-08,39700,39700,39000,39100,12438,-0.011378003,39870,39970,39900,37567.5,35826.25,0,0
2020-12-09,38900,39600,38750,39600,6512,0.012787724,39700,39910,39915,37656.66667,35862.08333,0,0
2020-12-10,39600,39700,39250,39250,17225,-0.008838384,39500,39855,39910,37743.33333,35900.83333,0,0
2020-12-11,39250,40000,39250,39950,14184,0.017834395,39490,39845,39890,37835.83333,35946.25,0,0
2020-12-14,40200,40450,39950,40300,15182,0.008760951,39640,39880,39887.5,37924.16667,36000.41667,0,0
2020-12-15,40550,40550,39850,40250,12893,-0.001240695,39870,39870,39897.5,37997.5,36055,1,1
2020-12-16,40350,40400,39950,40150,9243,-0.002484472,39980,39840,39935,38077.5,36109.16667,0,0
2020-12-17,40150,41000,40050,40950,23484,0.01992528,40320,39910,40017.5,38163.33333,36173.75,0,0
2020-12-18,40950,42250,40800,41400,50577,0.010989011,40610,40050,40105,38254.16667,36243.75,0,0
2020-12-21,41550,41650,40250,40850,26318,-0.013285024,40720,40180,40140,38352.5,36315,0,0
2020-12-22,40900,40950,39950,40050,20456,-0.019583843,40680,40275,40122.5,38437.5,36378.33333,0,0
2020-12-23,40100,40950,39650,40200,22334,0.003745318,40690,40335,40122.5,38544.16667,36446.66667,1,2
2020-12-24,40200,40850,40050,40600,14984,0.009950249,40620,40470,40162.5,38655.83333,36515.41667,0,0
2020-12-28,41200,41750,40700,41600,27723,0.024630542,40660,40635,40240,38770,36583.33333,0,0
2020-12-29,40900,41000,40350,40450,12827,-0.027644231,40580,40650,40265,38860,36639.58333,0,1
2020-12-30,40500,41050,40300,40350,9667,-0.002472188,40640,40660,40265,38939.16667,36700.41667,0,0
